track4bes-en	NA	2017	0	5	Counterfeiters from China and Indonesia will bring lots more of these products down to sell on the streets of Australia.	Los falsificadores de China e Indonesia aportará mucho más de estos productos a vender en las calles de Australia.
track4bes-en	NA	2017	1	4	Professor Larson said he did not know whether the boredom percentages now, 21 years later, would be higher or lower.	El profesor Larson dijo que no sabía si el aburrimiento porcentajes ahora, 21 años después, sería superior o inferior.
track4bes-en	NA	2017	2	5	The hearing focuses on Manning's time in the military brig at Quantico, Virginia	La audiencia se centra en el tiempo de Manning en la prisión militar de Quantico, Virginia
track4bes-en	NA	2017	3	3	My wife, who was born in Guadalajara and came to the United States legally as a child, reminds me that there is friction between Mexicans and Mexican-Americans because Mexicans have a firmer grasp of who they are and Mexican-Americans resent that.	Mi esposa, que nació en Guadalajara y llegó a los Estados Unidos legalmente como un niño, me recuerda que hay fricciones entre los mexicanos y mexicano-americanos porque los mexicanos tienen una comprensión más profunda de quiénes son y mexicano-estadounidenses que les molesta.
track4bes-en	NA	2017	4	3	Freeman noted an increase in "average Joe" reviews of brands on social media sites such as YouTube, Twitter and Facebook.	Freeman observó un aumento en la media "Joe" exámenes de marcas en los medios sociales de sitios como YouTube, Twitter y Facebook.
track4bes-en	NA	2017	5	5	"Colorado has a more regulated market, so they will be a good guide," said Brian E. Smith, a spokesman for the Washington State Liquor Control Board.	El "Colorado tiene un mercado regulado, por lo que será una buena guía", dijo Brian E. Smith, portavoz de la Junta de Control de bebidas alcohólicas del Estado de Washington.
track4bes-en	NA	2017	6	3	You want to talk about hard feelings?	Usted quiere hablar de malos sentimientos?
track4bes-en	NA	2017	7	5	Rather, our goal should be to feel comfortable away from the constant chatter of activity and technology.	Más bien, nuestro objetivo debe ser sentirse cómodo fuera de las constantes charlas de actividad y la tecnología.
track4bes-en	NA	2017	8	5	It would be so much easier if he did.	"Sería mucho más fácil si lo hizo".
track4bes-en	NA	2017	9	5	A few of these people will become heroes.	Algunas de estas personas se convierten en héroes.
track4bes-en	NA	2017	10	3	Days after the Obama administration threatened to delay approval of a planned oil pipeline from Canada to the Gulf of Mexico -- angering unions while appeasing environmentalists -- the company seeking to build the pipeline says it's willing to reroute the project to get it back on track.	Días después de la administración Obama amenazó con retrasar la aprobación de un oleoducto desde Canadá hasta el Golfo de México -- irrita a los sindicatos y a apaciguar a los ecologistas -- la empresa pretende construir el gasoducto dice que está dispuesto a reroute el proyecto para ponerlo de nuevo en marcha.
track4bes-en	NA	2017	11	3	What they want is that one simply accepts what they say and shuts up.	Lo que quieren es que uno simplemente acepta lo que dicen y cierra.
track4bes-en	NA	2017	12	5	But I'll get back to that.	Pero voy a volver a eso.
track4bes-en	NA	2017	13	5	Europe's monetary union has been badly undermined by a sovereign debt crisis in past months.	La unión monetaria europea ha sido gravemente afectada por una crisis de deuda soberana en los últimos meses.
track4bes-en	NA	2017	14	4	Tucked away under motorway flyovers, it is in many ways a suburb of Mexico City itself.	Escondida bajo la autopista pasos elevados, es, en muchos sentidos, un suburbio de la ciudad de México.
track4bes-en	NA	2017	15	5	A male friend of mine, also a Tory supporter, had succumbed to pressure and renounced his creed.	Un amigo mío, también un defensor conservador, había sucumbido a la presión y renunció a su credo.
track4bes-en	NA	2017	16	5	It is not an option, it is an imperative, because where do we find employment for tens of millions of our young men and women.	"No es una opción, es un imperativo, porque donde podemos encontrar empleo a decenas de millones de nuestros jóvenes hombres y mujeres".
track4bes-en	NA	2017	17	5	Amid the usual futile arguments over who started it, scores of buildings have been reduced to rubble; more than 140 Palestinians, most of them civilians, and six Israelis have been killed; and, for the first time, missiles from Gaza have landed near Tel Aviv, Israel's metropolis, and the holy city of Jerusalem.	En medio de la habitual fútiles argumentos sobre quién comenzó, decenas de edificios han quedado reducidos a escombros; más de 140 palestinos, la mayoría de ellos civiles, y seis israelíes han sido asesinados; y, por primera vez, misiles desde Gaza han aterrizado cerca de Tel Aviv, capital de Israel, y la ciudad santa de Jerusalén.
track4bes-en	NA	2017	18	3	Boeing Co shares rose 1.5% to $67.94.	Boeing Co comparte aumentó un 1,5% a $67.94.
track4bes-en	NA	2017	19	5	And, in the homeland of my grandfather, there was no need for shorthand or hyphens.	Y, en la tierra natal de mi abuelo, no hay necesidad de taquigrafía o guiones.
track4bes-en	NA	2017	20	5	But the praise comes with a price, service members say.	Pero los elogios llega con un precio, dicen los miembros del servicio.
track4bes-en	NA	2017	21	5	Maybe the hardliners will win out; yet the Arab spring may change their calculations.	Tal vez la línea dura triunfará; sin embargo, la primavera árabe puede cambiar sus cálculos.
track4bes-en	NA	2017	22	2	Roseanna Monk said she stopped near the door and put her daughter down for a moment.	Roseanna Monk dijo que dejó cerca de la puerta y poner a su hija durante un momento.
track4bes-en	NA	2017	23	2	I'm afraid you're on your own, amigos.	Me temo que estás en tu propio, amigos.
track4bes-en	NA	2017	24	5	He's a very straightforward man, very committed with an excellent vision of the country.	Él es un hombre muy sencillo, muy comprometido con una excelente visión del país.
track4bes-en	NA	2017	25	5	TransCanada said Monday evening it will move the planned pipeline out of the environmentally sensitive Sandhills area of Nebraska, and is confident the project will still win approval.	TransCanada dijo el lunes por la tarde se trasladará el oleoducto previsto fuera de la zona ecológicamente sensibles Sandhills de Nebraska, y confía en que el proyecto será aprobado todavía.
track4bes-en	NA	2017	26	2	Manning responded that he would verbally express concern about issues and that the visiting officers would talk through the concerns and indicate that they would be addressed, but they didn't record the issues.	La tripulación respondió que iba verbalmente expresan preocupación por temas y que los funcionarios visitantes se habla a través de las preocupaciones e indicar que serían abordados, pero no registrar las cuestiones.
track4bes-en	NA	2017	27	3	Mission over, Congress ready to agree on Libya	Durante la misión, el Congreso dispuesto a ponerse de acuerdo sobre Libia
track4bes-en	NA	2017	28	4	The language may sound innocuous, but nothing about the Libya debate has been easy so far.	El lenguaje puede parecer inocuos, pero nada sobre la Libia debate ha sido fácil hasta ahora.
track4bes-en	NA	2017	29	3	Most Americans probably never give a thought to the fact that, in 1848, the United States invaded Mexico and forced its leaders to sign over half their territory at the point of rifle.	La mayoría de los estadounidenses probablemente nunca reflexionar sobre el hecho de que, en 1848, los Estados Unidos invadió México y obligó a sus dirigentes a firmar más de la mitad de su territorio a punta de fusil.
track4bes-en	NA	2017	30	3	Mr Obama also has a part in getting Israel to the table.	El señor Obama también tiene un papel para llegar a Israel a la mesa.
track4bes-en	NA	2017	31	5	"It's a cultural barrier" with district attorneys, said Sean McAllister, a Denver lawyer who represents marijuana defendants and is a local spokesman for the National Organization for the Reform of Marijuana Laws.	"Es una barrera cultural" con los abogados de distrito, dijo Sean McAllister, un abogado de Denver que representa a los acusados de marihuana y un portavoz local de la Organización Nacional para la Reforma de las Leyes de la Marihuana.
track4bes-en	NA	2017	32	5	"Even from a very early age you can see that kids understand the message that the tobacco company is trying to sell through their branding," said the federal health minister, Tanya Plibersek, citing studies that showed, for example, children linking a crown in a logo with the idea of being a princess.	"Incluso desde muy temprana edad puede ver que los niños entiendan el mensaje de que la empresa tabacalera está tratando de vender a través de su imagen", dijo el ministro de salud federal, Tanya Plibersek, citando estudios que muestran, por ejemplo, los niños que une una corona en un logotipo con la idea de ser una princesa.
track4bes-en	NA	2017	33	5	During his first term, he neglected to present his own plan for peace.	Durante su primer mandato, que se olvidó presentar su propio plan de paz.
track4bes-en	NA	2017	34	5	"So, I would say, "Gabby, you have not been beaten,"?" Kelly said.	"Entonces, yo diría," Gabby, no han sido golpeados ", dijo Kelly.
track4bes-en	NA	2017	35	2	The writer A?N Wilson announced waggishly that I'd departed because I was forced to drink out of chipped mugs.	El escritor A N waggishly Wilson anunció que había salido porque estaba obligado a beber de astillas tonto.
track4bes-en	NA	2017	36	5	In March, 58 senators voted in favor of a non-binding resolution supporting the idea of such an amendment.	En marzo, 58 senadores votaron a favor de una resolución no vinculante que apoyan la idea de dicha enmienda.
track4bes-en	NA	2017	37	5	It's a force that suffers low morale, poor readiness and is unable to keep up with potential adversaries.	"Es una fuerza que sufre la baja moral, la mala disposición y es incapaz de mantener con los potenciales adversarios".
track4bes-en	NA	2017	38	2	Sales and marketing makes it more successful, so [it's those kinds of people] who end up running companies and the product people get driven out of the decision-making forum.	Las ventas y comercialización hace más éxito, tan [es ese tipo de gente] que acaban de empresas y el producto que las personas expulsadas del foro de adopción.
track4bes-en	NA	2017	39	5	The lawyer who will stand before the court and argue that the law should be thrown out is likely to be Paul Clement, who served as U.S. solicitor general during the George W. Bush administration.	El abogado que van a comparecer ante el tribunal y argumentan que la ley debe ser expulsado es probable que sea Paul Clement, que actuaba como procurador general de los Estados Unidos durante la administración de George W. Bush.
track4bes-en	NA	2017	40	5	Lee Howell, the managing director of the World Economic Forum, likewise questioned why India's reserves should be used to keep Greece's numerous and well-paid public sector workers in jobs in poorly managed, loss-making utilities like the railways.	Lee Howell, el director gerente del Foro Económico Mundial, también cuestionó por qué las reservas de la India debe utilizarse para mantener numerosas de Grecia y los trabajadores del sector público en puestos de trabajo bien remunerados en mal gestionados, aerolínea de los servicios como los ferrocarriles.
track4bes-en	NA	2017	41	5	The topic is a sensitive one for military leaders, who do not want to appear ungrateful or at odds with the public they serve.	El tema es delicado para los dirigentes militares, que no quieren parecer desagradecidos o en contradicción con el público que sirven.
track4bes-en	NA	2017	42	5	Half a day in an airport waiting for a flight is pretty tedious, even with the distractions of books, magazines and iPhones (not to mention duty-free shopping).	Medio día en un aeropuerto esperando un vuelo es bastante tediosa, incluso con las distracciones de libros, revistas y iPhones (por no mencionar la venta libre de impuestos).
track4bes-en	NA	2017	43	2	The writer A?N Wilson announced waggishly that I'd departed because I was forced to drink out of chipped mugs.	El escritor A N waggishly Wilson anunció que había salido porque estaba obligado a beber de astillas tonto.
track4bes-en	NA	2017	44	5	"It was appropriate to do it when the smallest number of people were in the park," he said.	"Es apropiado hacerlo cuando el menor número de personas estaban en el parque", dijo.
track4bes-en	NA	2017	45	4	Before, when you tried to survey people from the British National Party, it would be very difficult to identify them.	"Antes, cuando se trató de encuesta personas del Partido Nacional Británico, sería muy difícil identificarlos".
track4bes-en	NA	2017	46	5	Around 5 a.m., south of Pine Street, one protester jumped on the hood of a police car, and others were seen releasing the air from the tires of a police van.	Alrededor de las 5 de la mañana, al sur de Pine Street, un manifestante saltó sobre el capó de un coche de policía, y otros fueron vistos liberar el aire de las llantas de un furgón de la policía.
track4bes-en	NA	2017	47	2	It was uncomfortable, but for me I moved on a little bit after seeing and hearing the suspect.	"Era incómoda, pero a mí me avanzado un poco después de ver y escuchar al sospechoso".
track4bes-en	NA	2017	48	5	Why coddle those twisty Palestinians by giving them a state of their own?	¿Por qué mimar los caprichosos palestinos dándoles un Estado propio?
track4bes-en	NA	2017	49	2	Roseanna Monk said she stopped near the door and put her daughter down for a moment.	Roseanna Monk dijo que dejó cerca de la puerta y poner a su hija durante un momento.
track4bes-en	NA	2017	50	4	This renders the answer perceptual rather than factual and is often a red flag.	Esto hace que la respuesta más perceptual objetiva y a menudo es una bandera roja.
track4bes-en	NA	2017	51	2	In diplomatic terms, America is as steadfast as ever; many European countries also blamed Hamas for starting the latest round of violence.	En términos diplomáticos, Estados Unidos es tan firme como siempre; muchos países europeos también culpó a Hamas para iniciar la última ronda de violencia.
track4bes-en	NA	2017	52	3	Moreover, conservatives argue that it's Justice Elena Kagan who has an ethical issue, not Scalia and Thomas.	Además, los conservadores argumentan que la Justicia Elena Kagan, que tiene un problema ético, no Scalia y Thomas.
track4bes-en	NA	2017	53	5	It could have been ten times its size, could have been the Microsoft of the 90s...	Podría haber sido diez veces su tamaño, podría haber sido la Microsoft de los años noventa...
track4bes-en	NA	2017	54	3	The special traced Giffords's recovery since the Jan. 8 shooting.	El rastro de la recuperación de Giffords desde el Jan. 8 disparos.
track4bes-en	NA	2017	55	3	"My government has a great commitment to the Mexican people to reduce the violence," Mr Pena Nieto told US President Barack Obama in the Oval Office earlier this week.	"Mi gobierno tiene un gran compromiso con el pueblo mexicano para reducir la violencia", dijo el señor Peña Nieto, el presidente de Estados Unidos, Barack Obama, en la Oficina Oval a principios de esta semana.
track4bes-en	NA	2017	56	3	Once at Quantico, Manning said, he spend most days in a small cell -- at least 21 hours and often more than 23 hours -- with no company.	Una vez en Quantico, Manning dijo, él gastar más días en una celda pequeña - al menos 21 horas y a menudo más de 23 horas -- con ninguna empresa.
track4bes-en	NA	2017	57	3	Counts against Manning include aiding the enemy, wrongfully causing intelligence to be published on the Internet, transmitting national defense information and theft of public property or records.	Los cargos contra Manning incluyen ayudar al enemigo, causando erróneamente la inteligencia para ser publicado en Internet, la transmisión de información de defensa nacional y el robo de la propiedad pública o registros.
track4bes-en	NA	2017	58	5	I was in a minority of one during my first few weeks at Oxford.	Yo estaba en una minoría de uno durante mis primeras semanas en Oxford.
track4bes-en	NA	2017	59	5	Our identity might sometimes be fuzzy, but our loyalty is clear.	Nuestra identidad puede ser a veces confuso, pero nuestra lealtad es clara.
track4bes-en	NA	2017	60	2	But they weren't much more successful then than they are now.	Pero no lo fueron mucho más éxito, entonces que son ahora.
track4bes-en	NA	2017	61	3	What separates boredom from apathy, he said, is that the person is not engaged but wants to be.	Lo que separa el aburrimiento de la apatía, dijo, es que la persona no está, pero quiere ser.
track4bes-en	NA	2017	62	5	The troops are lavished with praise for their sacrifices.	Las tropas se prodigaron con elogios por sus sacrificios.
track4bes-en	NA	2017	63	5	Nobody knows why they do what they do, nobody thinks about things very deeply in business.	Nadie sabe por qué hacen lo que hagan, nadie piensa en cosas muy profundamente en los negocios.
track4bes-en	NA	2017	64	2	"The purpose is to hold Patti LaBelle responsible for her conduct," Davis said.	"El objetivo es celebrar Patti LaBelle responsable de su conducta", dijo Davis.
track4bes-en	NA	2017	65	5	While drug agents will probably not beat down doors to seize a small bag of the drug, they are likely to balk at allowing the state-regulated recreational marijuana shops allowed under the new laws, said Kevin A. Sabet, a former drug policy adviser in the Obama administration.	Mientras que los agentes antidrogas probablemente no derribar a puertas para apoderarse de una pequeña bolsa de la droga, es probable que se resisten a permitir que el estado regulado tiendas de mariguana recreativa permitidas bajo las nuevas leyes, dijo Kevin A. Sabet, un ex asesor de política de drogas en la administración Obama.
track4bes-en	NA	2017	66	2	Ha said Zico had sold up to 6,000 to wholesale outlets and was awaiting new stock.	Ha dicho que Zico había vendido hasta 6.000 a mayoristas y estaba a la espera de nuevas acciones.
track4bes-en	NA	2017	67	5	On improvising innovation:	En improvisar la innovación:
track4bes-en	NA	2017	68	3	It's time for the military to modernize as well, Burke says.	Ya es hora de que los militares para modernizar así, Burke dice.
track4bes-en	NA	2017	69	5	The device has been widely written about before, but Jobs" euphoria here in describing the Blue Box as an act of empowerment is infectious.	El dispositivo ha sido ampliamente escrito sobre antes, pero Jobs "euforia aquí en la descripción de la caja azul como un acto de empoderamiento es contagiosa.
track4bes-en	NA	2017	70	3	The most common verbal indicators are subtle.	Los indicadores más comunes son sutiles verbal.
track4bes-en	NA	2017	71	4	"As long as we can ski in winter and go hiking in summer we are happy," says Anna.	"Mientras podamos de esquí en invierno y practicar senderismo en verano estamos felices", dice Anna.
track4bes-en	NA	2017	72	5	Tobacco firms said they would boost black market trade, leading to cheaper, more accessible cigarettes.	Las empresas tabacaleras dijeron que impulsaría el comercio en el mercado negro, causando más barato, más accesible cigarrillos.
track4bes-en	NA	2017	73	2	"She said in an aggressive tone, "You shouldn't have left your daughter by the door,"" Roseanna Monk said.	", dijo en un tono agresivo," You shouldn 't han dejado a su hija por la puerta "," Roseanna dijo Monk.
track4bes-en	NA	2017	74	5	Across the Capitol, the House is to vote this week on a constitutional amendment requiring a balanced budget, a top legislative priority of nearly every congressional Republican and some Democrats.	En el Capitolio, la Cámara votará esta semana sobre una enmienda constitucional que requiere un presupuesto equilibrado, la principal prioridad legislativa de casi todos los republicanos y algunos demócratas del Congreso.
track4bes-en	NA	2017	75	5	Why coddle those twisty Palestinians by giving them a state of their own?	¿Por qué mimar los caprichosos palestinos dándoles un Estado propio?
track4bes-en	NA	2017	76	4	In the interview with Sawyer, Giffords, who goes through two hours of therapy every day, said she has no memory of the day of the shooting.	En la entrevista con Sawyer, Giffords, que va a través de dos horas de terapia cada día, dijo que no recuerda el día del tiroteo.
track4bes-en	NA	2017	77	3	Moreno suggests that students' peers, such as residential advisors, could monitor the site and intervene to help a student who posts one too many boozy status updates.	Moreno sugiere que los estudiantes "pares, como asesores residenciales, podría controlar el sitio e intervenir para ayudar a un estudiante que puestos uno demasiados boozy actualizaciones del estado.
track4bes-en	NA	2017	78	5	During his job search, he said, he sensed that some interviewers had subtly inquired whether he would be able to hold up under the strain of a demanding Washington job immediately after his combat tour.	Durante su búsqueda de empleo, dijo, tiene la sensación de que algunos entrevistadores habían sutilmente preguntó si sería capaz de mantener bajo la presión de Washington un exigente trabajo inmediatamente después de su gira de combate.
track4bes-en	NA	2017	79	5	Kagan has given no indication she will do so.	Kagan ha dado ninguna indicación de que lo hará.
track4bes-en	NA	2017	80	5	The other is whether a firm that was hired to conduct the original study was an inappropriate choice because it was tied to TransCanada.	El otro es si una empresa que fue contratado para dirigir el estudio original era una inadecuada elección porque estaba vinculado a TransCanada.
track4bes-en	NA	2017	81	3	Although 55 percent of Colorado voters supported the measure, bringing recreational marijuana into the folds of government and the legal system was never going to be simple.	Aunque el 55 por ciento de los votantes de Colorado apoyaron la medida, con lo que la marihuana con fines recreativos en el seno del gobierno y el sistema legal no iba a ser fácil.
track4bes-en	NA	2017	82	5	In future diplomacy Hamas may emerge as an actor that cannot be shut out even by Israel and America.	La diplomacia de Hamas en el futuro puede surgir como un actor que no pueden ser excluidos incluso por Israel y Estados Unidos.
track4bes-en	NA	2017	83	5	While drug agents will probably not beat down doors to seize a small bag of the drug, they are likely to balk at allowing the state-regulated recreational marijuana shops allowed under the new laws, said Kevin A. Sabet, a former drug policy adviser in the Obama administration.	Mientras que los agentes antidrogas probablemente no derribar a puertas para apoderarse de una pequeña bolsa de la droga, es probable que se resisten a permitir que el estado regulado tiendas de mariguana recreativa permitidas bajo las nuevas leyes, dijo Kevin A. Sabet, un ex asesor de política de drogas en la administración Obama.
track4bes-en	NA	2017	84	3	There are also moments where Jobs" perfectionism rises to the surface, where he seems impatient about Cringely's questions, nudging him to move faster towards issues or subplots of greater import.	También hay momentos en que Jobs "perfeccionismo sube a la superficie, donde parece impaciente sobre las preguntas del Cringely, instar a él para avanzar más rápido hacia cuestiones o subplots de una mayor importación.
track4bes-en	NA	2017	85	5	We've always been shameless about stealing great ideas.	Hemos sido siempre descarada sobre robo de grandes ideas.
track4bes-en	NA	2017	86	5	Congressman Olvera admits that after 12 years outside the presidential palace of Los Pinos, there is much expectation within the party about Enrique Pena Nieto.	El congresista Olvera admite que después de 12 años fuera del palacio presidencial de Los Pinos, hay mucha expectativa en el seno del partido sobre Enrique Peña Nieto.
track4bes-en	NA	2017	87	4	"The servicemen and women were regarded as heroes," said David Saltzman, who organized the spring fundraiser.	"Los hombres y mujeres que fueron considerados como héroes", dijo David Saltzman, quien organizó la primavera de recaudación de fondos.
track4bes-en	NA	2017	88	5	It's an affirmation of bipartisan support for their democratic aspirations.	"Es una afirmación de apoyo bipartidista para sus aspiraciones democráticas".
track4bes-en	NA	2017	89	5	Almost no one understands what's happening, even why this war is to be fought.	Casi nadie entiende lo que ocurre, incluso por qué esta guerra es para ser combatido.
track4bes-en	NA	2017	90	3	Although 55 percent of Colorado voters supported the measure, bringing recreational marijuana into the folds of government and the legal system was never going to be simple.	Aunque el 55 por ciento de los votantes de Colorado apoyaron la medida, con lo que la marihuana con fines recreativos en el seno del gobierno y el sistema legal no iba a ser fácil.
track4bes-en	NA	2017	91	2	They wouldn't do that, not among my dreaming spires.	No hacerlo, no entre mi agujas de ensueño.
track4bes-en	NA	2017	92	3	At a City Council hearing last month, Schools Chancellor Dennis M. Walcott said the layoffs were a part of the budget they signed off on in June.	Ayuntamiento en una audiencia el mes pasado, las Escuelas Canciller Dennis M. Walcott, dijo que los despidos eran una parte del presupuesto se firmó en junio.
track4bes-en	NA	2017	93	5	That night, Manning testified, his underwear, flip-flops and glasses were removed from his cell.	Esa noche, Manning testificó, su ropa interior, chanclas y gafas fueron removidos de su celda.
track4bes-en	NA	2017	94	3	Norway does not often make it on to the global news agenda - and most seem to like it that way.	Noruega no suele figurar en el programa mundial de noticias, y la mayoría parecen como así.
track4bes-en	NA	2017	95	5	Rakfisk is seen as signifying something important, a vital if rather smelly part of Norway's past.	Rakfisk es visto como algo importante, una parte vital si más bien maloliente de Noruega en el pasado.
track4bes-en	NA	2017	96	5	The growth since the early 1970s of one of the world's biggest oil and gas industries lies behind much of Norway's present-day wealth.	El crecimiento desde principios de los años setenta de una de las mayores industrias del petróleo y del gas de Noruega está detrás de gran parte de la riqueza actual.
track4bes-en	NA	2017	97	5	If they really ran the West Bank, would they not fire rockets, just as their compatriots have done in Gaza?	Si realmente está en la Ribera Occidental, ¿no les disparan cohetes, al igual que sus compatriotas han hecho en Gaza?
track4bes-en	NA	2017	98	2	That night, she says, she was asked to recount the details of her rape 11 separate times to a stream of police, doctors, and commanders.	Esa noche, dice, se le preguntó a relatar los detalles de su violación 11 horas distintas a una corriente de policía, médicos, y comandantes.
track4bes-en	NA	2017	99	5	I told her, "I have no interest in what you say or think.'	"Le dije," no tengo ningún interés en lo que usted decir o pensar ".
track4bes-en	NA	2017	100	4	In the interview with Sawyer, Giffords, who goes through two hours of therapy every day, said she has no memory of the day of the shooting.	En la entrevista con Sawyer, Giffords, que va a través de dos horas de terapia cada día, dijo que no recuerda el día del tiroteo.
track4bes-en	NA	2017	101	2	Manning responded that he would verbally express concern about issues and that the visiting officers would talk through the concerns and indicate that they would be addressed, but they didn't record the issues.	La tripulación respondió que iba verbalmente expresan preocupación por temas y que los funcionarios visitantes se habla a través de las preocupaciones e indicar que serían abordados, pero no registrar las cuestiones.
track4bes-en	NA	2017	102	5	Across the Capitol, the House is to vote this week on a constitutional amendment requiring a balanced budget, a top legislative priority of nearly every congressional Republican and	En el Capitolio, la Cámara votará esta semana sobre una enmienda constitucional que requiere un presupuesto equilibrado, la principal prioridad legislativa de casi todos los republicanos y algunos demócratas del Congreso.
track4bes-en	NA	2017	103	5	"There will be serious unintended consequences from the legislation," said Scott McIntyre of British American Tobacco Australia.	"Habrá serias consecuencias no deseadas de la legislación", dijo Scott McIntyre de British American Tobacco Australia.
track4bes-en	NA	2017	104	5	It could have been ten times its size, could have been the Microsoft of the 90s...	Podría haber sido diez veces su tamaño, podría haber sido la Microsoft de los años noventa...
track4bes-en	NA	2017	105	5	That's fair.	Es justo.
track4bes-en	NA	2017	106	5	"You won't be happy here," he told me.	"Usted no será feliz aquí", me dijo.
track4bes-en	NA	2017	107	4	Later, I settled on "Mexican-American."	Más tarde, he asentado en "mexicano-americana".
track4bes-en	NA	2017	108	5	On improvising innovation:	En improvisar la innovación:
track4bes-en	NA	2017	109	5	While she's a U.S. citizen, she sees herself as a part of two countries.	Mientras ella es un ciudadano estadounidense, se ve a sí misma como una parte de los dos países.
track4bes-en	NA	2017	110	2	And in the United States, we're considered Mexican.	Y en los Estados Unidos, estamos considerando mexicanos.
track4bes-en	NA	2017	111	3	During the first few days of freshers" week, when new students socialise with each other and the dons, I had a taste of the wormwood that was to come.	Durante los primeros días de la semana "freshers, cuando los nuevos estudiantes relacionarse entre sí y los catedráticos, tenía un sabor del ajenjo que estaba por venir.
track4bes-en	NA	2017	112	5	Burke also says that since February, she has been contacted by nearly 400 other survivors, many of whom could be part of future suits.	Burke dice también que desde febrero, que ha sido contactado por casi 400 otros supervivientes, muchos de los cuales podrían ser parte de futuras demandas.
track4bes-en	NA	2017	113	4	I had gone up in September 1986, a cripplingly shy 18-year-old.	Me habían subido en septiembre de 1986, un cripplingly tímido de 18 años.
track4bes-en	NA	2017	114	4	He said vulnerable emerging markets needed to make "contingency plans" to protect themselves from a downturn and significant capital outflows from their economies.	Dijo vulnerables a los mercados emergentes necesitan hacer "planes de contingencia" para protegerse de una recesión y importantes salidas de capital de sus economías.
track4bes-en	NA	2017	115	5	He's a very straightforward man, very committed with an excellent vision of the country.	Él es un hombre muy sencillo, muy comprometido con una excelente visión del país.
track4bes-en	NA	2017	116	5	And yet, for Mexico, the really challenging relationship is with the more than 35 million Mexican-Americans living in the United States.	Y sin embargo, para México, la relación es realmente difícil con los más de 35 millones de mexicanos estadounidenses que viven en los Estados Unidos.
track4bes-en	NA	2017	117	5	There's Latin graffiti about boredom on the walls of Pompeii dating from the first century.	Hay pintadas Latina sobre el aburrimiento en las paredes de Pompeya que data del siglo XXI.
track4bes-en	NA	2017	118	5	The PRI ruled Mexico for seven decades until losing the presidency in 2000.	El PRI gobernó México durante siete décadas hasta perder la presidencia en el año 2000.
track4bes-en	NA	2017	119	5	Anand Sharma, India's minister of trade, said that "India will do whatever it can" to help the eurozone as its own economy was now suffering falling exports and a drying up of foreign capital inflows.	Anand Sharma, ministro de comercio de la India, dijo que "la India hará todo lo que pueda" para ayudar a la zona del euro en su propia economía está sufriendo la caída de las exportaciones y una reducción de flujos de capital extranjero.
track4bes-en	NA	2017	120	5	It is not an option, it is an imperative, because where do we find employment for tens of millions of our young men and women.	"No es una opción, es un imperativo, porque donde podemos encontrar empleo a decenas de millones de nuestros jóvenes hombres y mujeres".
track4bes-en	NA	2017	121	5	Hundreds of police officers were involved, some of them wearing riot helmets.	Cientos de policías fueron involucrados, algunos de ellos vestían cascos antidisturbios.
track4bes-en	NA	2017	122	3	Other observations are about an old Europe falling away, and about new types of terror.	Otras observaciones son de una vieja Europa bajando de distancia, y sobre los nuevos tipos de terror.
track4bes-en	NA	2017	123	5	That the pragmatic Mr Morsi worked with Barack Obama to obtain a ceasefire augurs well - and might just mark the start of something.	Que el Sr. pragmático Morsi trabajó con Barack Obama para obtener un alto el fuego es un buen augurio - y podría marcar el comienzo de algo.
track4bes-en	NA	2017	124	5	Not Mexico.	No México.
track4bes-en	NA	2017	125	3	But how to find them?	Pero, ¿cómo encontrar?
track4bes-en	NA	2017	126	2	But assaults are notoriously underreported, and by the Pentagon's own estimate, that figure accounts for approximately 13.5 percent of the estimated 19,000 incidents that occurred that year.	Pero los asaltos son notoriamente divulgado, y por la propia estimación del Pentágono, cifra que representa aproximadamente el 13,5% de los aproximadamente 19.000 incidentes ocurridos este año.
track4bes-en	NA	2017	127	5	In 1997 he took up a professorship at the University of Bilkent, in Ankara, Turkey.	En 1997 asumió una cátedra en la Universidad de Bilkent, de Ankara, Turquía.
track4bes-en	NA	2017	128	4	The starkly conflicting impressions illustrate the uneasy relationship that has taken hold between the military and an often distant, sometimes adoring American public.	La marcadamente antagónicas impresiones ilustran la incómoda relación que se ha establecido entre los militares y, a menudo, distante, a veces adoring público estadounidense.
track4bes-en	NA	2017	129	5	On innovation as art form:	En la innovación como forma de arte:
track4bes-en	NA	2017	130	5	And "that self-regulation transfers from one situation to other," he said.	Y "que la autorregulación transferencias de una situación a otra", dijo.
track4bes-en	NA	2017	131	3	Mr. Englund's volume joins an unconventional pantheon.	El Sr. Englund del volumen se une a un panteón no convencionales.
track4bes-en	NA	2017	132	4	Nesheim also ordered police to hold Breivik in custody for 12 more weeks, banned him from accessing media for four weeks, and said that authorities will have tight control over all visits and correspondence for eight weeks.	También NESHEIM ordenó a la policía para celebrar Breivik en custodia durante 12 semanas más, le prohibió el acceso a medios de comunicación durante cuatro semanas, y dijo que las autoridades tendrán un control estricto sobre todas las visitas y correspondencia durante ocho semanas.
track4bes-en	NA	2017	133	5	I am in the small town of Fagernes, about three hours from Oslo.	Estoy en la pequeña ciudad de Fagernes, unas tres horas de Oslo.
track4bes-en	NA	2017	134	5	"How do Tories have sex?" one asked.	"¿Cómo conservadores tienen relaciones sexuales?", preguntó uno.
track4bes-en	NA	2017	135	4	Mr Obama also has a part in getting Israel to the table.	El señor Obama también tiene un papel para llegar a Israel a la mesa.
track4bes-en	NA	2017	136	3	Us two, we didn't know much, but we could build a little thing that could control a giant thing - it was an incredible lesson, and I don't think there would have ever been Apple without it.	Nosotros dos, no supiéramos mucho, pero podemos construir un poco cosa que podría controlar un gigante, fue una lección, y no creo que hubiera sido nunca Apple sin él.
track4bes-en	NA	2017	137	5	Norwegians find it very difficult to believe that in their peace-loving country one of their own was capable of such brutality and murder.	Los noruegos les resulta muy difícil creer que en su país amante de la paz uno de sus propios era capaz de tal brutalidad y asesinato.
track4bes-en	NA	2017	138	5	Professor Larson said he did not know whether the boredom percentages now, 21 years later, would be higher or lower.	El profesor Larson dijo que no sabía si el aburrimiento porcentajes ahora, 21 años después, sería superior o inferior.
track4bes-en	NA	2017	139	2	First, observe your subject's normal behavior.	En primer lugar, observar su tema de comportamiento normal.
track4bes-en	NA	2017	140	4	An amendment prohibiting same-sex marriage is a perennial offering, as is one prohibiting flag-burning.	Una enmienda que prohíbe el matrimonio entre personas del mismo sexo es una oferta perenne, como es uno que prohíben flag-burning.
track4bes-en	NA	2017	141	5	Some stories are about honor and bravery.	Algunas historias son de honor y valentía.
track4bes-en	NA	2017	142	5	In videos shot by Kelly in the first few weeks, she is seen in her hospital bed, her head shaved and a long scar across her forehead.	En los vídeos grabadas por Kelly en las primeras semanas, es visto en su cama de hospital, con la cabeza rapada y una larga cicatriz en la frente.
track4bes-en	NA	2017	143	5	On innovation as art form:	En la innovación como forma de arte:
track4bes-en	NA	2017	144	4	I stand in the snow and queue for something to eat - I have had enough rakfisk.	Estoy en la nieve y cola para algo para comer, he tenido suficiente rakfisk.
track4bes-en	NA	2017	145	5	Filmed before the era of Pixar, the iPod or the iPhone, there's something eerily prescient about the Lost Interview, as Jobs assesses what he sees other companies doing right and wrong, and offers his own vision of the future of computing.	Filmado antes de la era de Pixar, el iPod y el iPhone, hay algo inquietantemente premonitorias sobre la Lost Interview, como Jobs evalúa lo que él considera que otras empresas haciendo el bien y el mal, y ofrece su propia visión del futuro de la computación.
track4bes-en	NA	2017	146	5	I don't think we really want to celebrate boredom.	No creo que realmente queremos celebrar el aburrimiento.
track4bes-en	NA	2017	147	5	The Foreign Relations Committee resolution "congratulates the people of Libya for their tremendous courage and extraordinary resilience in liberating themselves" and "commends the men and women of the United States Armed Forces and their coalition partners who engaged in military operations to protect the people of Libya for their extraordinary bravery and professionalism."	La resolución del Comité de Relaciones Exteriores "felicita al pueblo de Libia por su enorme valentía y resistencia extraordinaria en liberarse" y "felicita a los hombres y mujeres de las Fuerzas Armadas de los Estados Unidos y sus socios de coalición que participaron en las operaciones militares para proteger al pueblo de Libia por su extraordinaria valentía y profesionalismo".
track4bes-en	NA	2017	148	3	Manning had testified that he was never given a chance to cover himself with his blanket during the head count.	La tripulación había testificado que nunca se le da una oportunidad para cubrir a sí mismo con su manta durante el recuento.
track4bes-en	NA	2017	149	5	Tough, tough, tough.	"Duro, duro, duro".
track4bes-en	NA	2017	150	3	And the contradictory reactions across the state lay bare a deep ambivalence among local officials about the state's big green experiment.	Y las reacciones contradictorias en todo el estado ponen al descubierto una profunda ambivalencia entre los funcionarios locales sobre el estado de la gran experimento verde.
track4bes-en	NA	2017	151	2	I stumbled over it.	Me encontré con él.
track4bes-en	NA	2017	152	5	On Monday, Breivik, who admitted to a killing spree in Norway in July which left 77 people dead, faced his first public court hearing.	El lunes, Breivik, que admitió una masacre en Noruega en julio que dejó 77 muertos, se enfrenta a su primera audiencia pública.
track4bes-en	NA	2017	153	2	If guards could not see his face when he rolled over at night, he said they would wake him to roll back over.	Si los guardias no podía ver su rostro cuando le arrastraron por la noche, dijo que a raíz de él para hacer retroceder.
track4bes-en	NA	2017	154	5	A war that is neither lost or won	Una guerra que no es ni perdido o ganado
track4bes-en	NA	2017	155	4	It was my father who drove the nail into the coffin of my Oxford career.	Era mi padre que manejó el clavo en el ataúd de mi carrera de Oxford.
track4bes-en	NA	2017	156	2	First, observe your subject's normal behavior.	En primer lugar, observar su tema de comportamiento normal.
track4bes-en	NA	2017	157	3	Facebook, too, is constantly tapping into its own population for data.	Facebook, también, está constantemente recurriendo a su propia población de datos.
track4bes-en	NA	2017	158	5	By reaching out through Facebook, Bartlett and his colleagues were able to survey over 10,000 followers of 14 far-right parties in 11 European countries - all without ever leaving the office.	Por llegar a través de Facebook, Bartlett y sus compañeros fueron capaces de estudiar más de 10.000 seguidores de 14 partidos de extrema derecha en 11 países europeos - todos sin salir de la oficina.
track4bes-en	NA	2017	159	5	I object to the court because you received your mandate from organizations that support hate ideology and because it supports multiculturalism.	Me opongo a la corte porque ha recibido su mandato de organizaciones que apoyan la ideología de odio y porque apoya el multiculturalismo.
track4bes-en	NA	2017	160	5	Give it a chance.	Darle una oportunidad.
track4bes-en	NA	2017	161	5	Now the Senate may be ready to act.	Ahora, el Senado puede estar listos para actuar.
track4bes-en	NA	2017	162	3	He said he tried to keep moving, because sleeping during the day or even lying down was against the rules.	Dijo que trató de seguir avanzando, porque dormir durante el día o incluso tumbarse estaba en contra de las reglas.
track4bes-en	NA	2017	163	3	In an environment where we are constantly overstimulated," he said, "it's hard to find ways to engage when the noise shuts down.	"En un entorno en el que estamos constantemente overstimulated", dijo, "es difícil encontrar maneras de participar cuando el ruido se apaga".
track4bes-en	NA	2017	164	5	Apart from the varying health warnings and images the only difference between the packs, mandatory from Saturday, are the brand names, and these are all printed in identical small font.	Aparte de las diversas advertencias sanitarias y de imágenes de la única diferencia entre los paquetes, obligatorio del sábado son las marcas, y todos ellos son impresos en letra pequeña idénticas.
track4bes-en	NA	2017	165	5	How much deceit do we encounter?	Cuánto engaño que nos encontramos?
track4bes-en	NA	2017	166	5	He has a vision for the way things could be and should be.	Él tiene una visión de la forma en que las cosas se podría y debería ser.
track4bes-en	NA	2017	167	3	But what Apple fans might find most revealing in a recently rediscovered Jobs interview dusted off in advance of special movie screenings in major markets this week, is how much this creative mind understood about business processes and product workflows.	Pero lo que Apple admiradores podrían encontrar más revelador en una entrevista recién redescubierto Jobs de nuevo antes de la proyección de películas especiales en los principales mercados esta semana, es cuánto este mentes creativas entendido sobre los procesos de negocio y flujos de productos.
track4bes-en	NA	2017	168	2	A trained lie spotter can get to the truth by learning about statement structure, facial micro-expressions, question formation and timing.	Una formación mentira spotter pueden llegar a la verdad por aprender sobre la declaración de la estructura, micro-expressions facial, pregunta formación y el calendario.
track4bes-en	NA	2017	169	5	So I had plenty of time to think about the subject of boredom.	Así que he tenido mucho tiempo para pensar en el tema de aburrimiento.
track4bes-en	NA	2017	170	4	If at least some Mexicans aren't yet ready to forgive the United States for how it treated Mexico a century and a half ago, then they have to accept the fact that some Mexican-Americans still hold a grudge for how their family members were treated much more recently than that.	Si al menos algunos mexicanos todavía no están dispuestos a perdonar a los Estados Unidos por la forma en que trata a México hace un siglo y medio, entonces tienen que aceptar el hecho de que algunos mexicanos estadounidenses todavía tienen un rencor por cómo sus familiares fueron tratados recientemente mucho más que eso.
track4bes-en	NA	2017	171	4	"Such a large cut, applied in this indiscriminate manner, would render most of our ship and construction projects unexecutable -- you cannot buy three quarters of a ship or a building -- and seriously damage other modernization efforts," Panetta wrote to the senators.	"Un gran recorte, aplicado en este modo indiscriminado, haría que la mayoría de nuestro barco y proyectos de construcción unexecutable -- no se puede comprar tres cuartas partes de un barco o un edificio -- y graves daños en otras actividades de modernización", Panetta escribió a los senadores.
track4bes-en	NA	2017	172	4	The justices agreed to hear the suit; indeed, a landmark 5 1/2-hour argument is expected in March, and the outcome is likely to further roil the 2012 presidential race, which will be in full swing by the time the court's decision is released.	Los magistrados acordaron escuchar la demanda; de hecho, un hito 5 1 / dicho argumento es esperado en marzo, y el resultado es probable que más perturbar la carrera presidencial de 2012, que estará en pleno apogeo por el momento la decisión del tribunal es liberado.
track4bes-en	NA	2017	173	5	As the first states to treat small amounts of marijuana like alcohol, Colorado and Washington are poised to become national test cases for drug legalization.	Como los primeros estados para tratar pequeñas cantidades de marihuana como el alcohol, Colorado y Washington están a punto de convertirse en los casos de prueba nacional para la legalización de las drogas.
track4bes-en	NA	2017	174	5	"Cold and Inhuman": Anders Behring Breivik Makes First Public Court Appearance	"Fría e inhumano ": Anders Behring Breivik hace la primera comparecencia pública
track4bes-en	NA	2017	175	2	I ran away.	Me escapó.
track4bes-en	NA	2017	176	3	Moreno suggests that students' peers, such as residential advisors, could monitor the site and intervene to help a student who posts one too many boozy status updates.	Moreno sugiere que los estudiantes "pares, como asesores residenciales, podría controlar el sitio e intervenir para ayudar a un estudiante que puestos uno demasiados boozy actualizaciones del estado.
track4bes-en	NA	2017	177	5	He says many were forced to leave Mexico because of the lack of opportunities there	Él dice que muchos se vieron obligados a abandonar México debido a la falta de oportunidades
track4bes-en	NA	2017	178	2	The atmosphere would have made a Stalinist shudder with apprehension.	La atmósfera habría hecho un estremecer estalinista con aprensión.
track4bes-en	NA	2017	179	5	He wants to partner with the United States and Canada, and create a European Union-style trading bloc in North America.	Quiere colaborar con los Estados Unidos y Canadá, y crear un bloque comercial al estilo de la Unión Europea en América del Norte.
track4bes-en	NA	2017	180	2	Mr. Englund's book is a deviation from standard history books.	El Sr. Englund del libro es una desviación de la norma libros de historia.
track4bes-en	NA	2017	181	3	But how to find them?	Pero, ¿cómo encontrar?
track4bes-en	NA	2017	182	5	First of all, like many people, I assumed that boredom was a relatively recent phenomenon, with the advent of more leisure time.	En primer lugar, al igual que muchas personas, supuse que el aburrimiento es un fenómeno relativamente reciente, con la llegada de más tiempo de ocio.
track4bes-en	NA	2017	183	4	Many of these are about deprivation and making do.	Muchos de ellos son sobre la privación y hacer ver.
track4bes-en	NA	2017	184	5	"My government has a great commitment to the Mexican people to reduce the violence," Mr Pena Nieto told US President Barack Obama in the Oval Office earlier this week.	"Mi gobierno tiene un gran compromiso con el pueblo mexicano para reducir la violencia", dijo el señor Peña Nieto, el presidente de Estados Unidos, Barack Obama, en la Oficina Oval a principios de esta semana.
track4bes-en	NA	2017	185	4	The device has been widely written about before, but Jobs" euphoria here in describing the Blue Box as an act of empowerment is infectious.	El dispositivo ha sido ampliamente escrito sobre antes, pero Jobs "euforia aquí en la descripción de la caja azul como un acto de empoderamiento es contagiosa.
track4bes-en	NA	2017	186	4	Mr. Browne said about 142 people were arrested in the park.	El Sr. Browne dijo sobre 142 personas fueron detenidas en el parque.
track4bes-en	NA	2017	187	3	It's time for the military to modernize as well, Burke says.	Ya es hora de que los militares para modernizar así, Burke dice.
track4bes-en	NA	2017	188	3	Xerox could have owned the entire computer industry.	Xerox podría haber propiedad de toda la industria informática.
track4bes-en	NA	2017	189	5	The growth since the early 1970s of one of the world's biggest oil and gas industries lies behind much of Norway's present-day wealth.	El crecimiento desde principios de los años setenta de una de las mayores industrias del petróleo y del gas de Noruega está detrás de gran parte de la riqueza actual.
track4bes-en	NA	2017	190	4	It was Nov. 10 of last year when stagehand Kevin Monk, his kindergarten-teacher wife, Roseanna, and Genevieve were getting ready to go on a family trip.	Era noviembre de 10 del año pasado cuando stagehand Kevin Monk, su esposa kindergarten-teacher, Roseanna, y Genevieve estaban preparándose para ir en un viaje familiar.
track4bes-en	NA	2017	191	4	Her strategy: rather than piling all the plaintiffs into this case - putting all her eggs in one basket, so to speak - she will file multiple cases, if need be, to keep the pressure on.	Su estrategia: En lugar de acumular todos los demandantes en este caso - poner todos los huevos en una sola canasta, por así decirlo, va a presentar múltiples casos, si es necesario, para mantener la presión sobre.
track4bes-en	NA	2017	192	3	In telling a German schoolgirl's story he says: "Ersatz, everywhere ersatz."	Al relatar una colegiala alemana la historia dice: "Sucedáneo, en todas partes sucedáneo."
track4bes-en	NA	2017	193	3	Separately, the nonprofit Vietnam Veterans of America is assembling a suit against the military that focuses on the "personality disorder" diagnoses assigned to rape victims in order to discharge them from service - a common occurrence, according to activists such as Anu Bhagwati of the Service Women's Action Network, a human-rights group.	Por separado, el lucro Vietnam Veterans of America es el montaje de una demanda contra los militares que se centra en la "trastorno de la personalidad" diagnósticos asignados a las víctimas de violación para eximirlos de servicio, algo común, según activistas como Anu Bhagwati del Servicio de la Mujer Action Network, un grupo de derechos humanos.
track4bes-en	NA	2017	194	5	I thought about that moment this week when Mexican president-elect Enrique Pena Nieto visited the White House to meet with President Obama.	Pensé en ese momento esta semana cuando el presidente electo de México, Enrique Peña Nieto visitó la Casa Blanca para reunirse con el Presidente Obama.
track4bes-en	NA	2017	195	5	Maybe this will make their struggle bloodier than before.	Tal vez esto hará que su lucha más sangrientos que antes.
track4bes-en	NA	2017	196	5	It would be so much easier if he did.	"Sería mucho más fácil si lo hizo".
track4bes-en	NA	2017	197	3	Baffled by the way costs were recorded - often beginning with a "standard cost" that amounted to a blind guess, which was then adjusted with a "variance" - he developed an automated factory that ensured they could determine business costs down to the second.	Sorprendido por la forma en que se registraron los costes, a menudo comenzando con un "costo estándar" que ascendieron a un ciego adivinar, que luego se ha ajustado con una "diferencia", ha desarrollado una fábrica automatizado que aseguró que podría determinar los costes empresariales a la segunda.
track4bes-en	NA	2017	198	3	Per a 1950 Supreme Court ruling called the Feres Doctrine, the federal government is not liable for injury sustained by active-duty personnel.	Por un fallo de la Corte Suprema de 1950 llamó la Doctrina Feres, el gobierno federal no es responsable por las lesiones sufridas por el personal cuyos autores son.
track4bes-en	NA	2017	199	5	I'm sure it's all just a tease.	Estoy seguro de que todo es una burla.
track4bes-en	NA	2017	200	5	Even more tragic is that it was Oxford, which not only produced 14 Tory prime ministers, but, to this day, hides behind an ill-deserved reputation for equality and freedom of thought.	Todavía más trágico es que se trataba de Oxford, que no sólo produjo 14 primeros ministros conservadores, pero, hasta el día de hoy, se esconde detrás de una merecida reputación por la igualdad y la libertad de pensamiento.
track4bes-en	NA	2017	201	5	The 1,700-mile pipeline would extend from Canada to the Gulf of Mexico.	El oleoducto 1,700-mile ampliaría desde Canadá hasta el Golfo de México.
track4bes-en	NA	2017	202	2	The atmosphere would have made a Stalinist shudder with apprehension.	La atmósfera habría hecho un estremecer estalinista con aprensión.
track4bes-en	NA	2017	203	2	I'm afraid you're on your own, amigos.	Me temo que estás en tu propio, amigos.
track4bes-en	NA	2017	204	5	He said not being allowed to know what was happening to him or in the outside world was distressing.	Dijo no poder saber lo que estaba sucediendo a él o en el mundo exterior era preocupante.
track4bes-en	NA	2017	205	3	Above all, Israel has prospered, especially under Binyamin Netanyahu, a prime minister who has largely ignored the peace process.	Por encima de todo, Israel ha prosperado, sobre todo en Binyamin Netanyahu, un primer ministro que ha ignorado en gran medida el proceso de paz.
track4bes-en	NA	2017	206	3	He said he tried to keep moving, because sleeping during the day or even lying down was against the rules.	Dijo que trató de seguir avanzando, porque dormir durante el día o incluso tumbarse estaba en contra de las reglas.
track4bes-en	NA	2017	207	5	Their situation wasn't helped by a recent BBC Two documentary, Wonderland: Young, Bright and on the Right, about student politics, which portrayed Tories as oddballs and neo-Nazis.	Su situación no fue ayudado por un reciente documental de la BBC Two, Wonderland: Jóvenes, Bright y de la derecha, sobre la política de estudiantes, que retrata conservadores como personas caprichosas y neonazis.
track4bes-en	NA	2017	208	5	List price for six of those is more than $1 billion.	Precio de catálogo de seis de ellos es más de mil millones de dólares.
track4bes-en	NA	2017	209	3	The union representing hundreds of school support workers who lost their jobs last month plans to sue the city on Wednesday, claiming the layoffs were unnecessary and discriminatory because of their disproportionate impact on schools that serve poor students.	El sindicato que representa a cientos de escolares de apoyar a los trabajadores que perdieron sus empleos el mes pasado planes para demandar a la ciudad el miércoles, alegando que los despidos eran innecesarias y discriminatorio debido a su impacto desproporcionado en escuelas que sirven a los estudiantes pobres.
track4bes-en	NA	2017	210	5	Tobacco firms said they would boost black market trade, leading to cheaper, more accessible cigarettes.	Las empresas tabacaleras dijeron que impulsaría el comercio en el mercado negro, causando más barato, más accesible cigarrillos.
track4bes-en	NA	2017	211	3	Rakfisk is trout sprinkled with salt and fermented in water for - depending on how smelly you like your fish - up to a year.	La trucha Rakfisk se roció con agua y sal en agria para - según cómo te gusta tu maloliente pescado - hasta un año.
track4bes-en	NA	2017	212	5	Norwegians find it very difficult to believe that in their peace-loving country one of their own was capable of such brutality and murder.	Los noruegos les resulta muy difícil creer que en su país amante de la paz uno de sus propios era capaz de tal brutalidad y asesinato.
track4bes-en	NA	2017	213	5	"This poses a threat to the atmosphere of intellectual discussion, as well as to the welfare of members," she says.	"Esto supone una amenaza a la atmósfera del debate intelectual, así como para el bienestar de sus miembros", dice.
track4bes-en	NA	2017	214	5	Mr. Englund discussed the soldiers who actively tried to catch a venereal disease from prostitutes as a way to evade service at the front.	El Sr. Englund discutieron los soldados que trató activamente para capturar una enfermedad venérea de prostitutas como una forma de evadir el servicio en el frente.
track4bes-en	NA	2017	215	5	The last amendment to be added - the 27th - was ratified in 1992, but it was actually proposed by Congress in 1789.	La última enmienda a añadirse - 27 - fue ratificado en 1992, pero en realidad fue propuesto por el Congreso en 1789.
track4bes-en	NA	2017	216	4	Deceptive individuals might also use distancing language: " I did not have sexual relations with that woman ... Miss Lewinsky" or repeat a hard question in its entirety.	Los individuos engañosa también podría utilizar distanciamiento: "No tuve relaciones sexuales con esa mujer, la señorita Lewinsky..." o repetir una pregunta difícil en su totalidad.
track4bes-en	NA	2017	217	3	Norway does not often make it on to the global news agenda - and most seem to like it that way.	Noruega no suele figurar en el programa mundial de noticias, y la mayoría parecen como así.
track4bes-en	NA	2017	218	5	"They have a natural hedge," he said.	"Tienen una cobertura natural", dijo.
track4bes-en	NA	2017	219	3	On falling in love with technology (and cold-calling Bill Hewlett):	Al caer en el amor con tecnología (y cold-calling Bill Hewlett):
track4bes-en	NA	2017	220	5	The man expected to represent the PRI in the presidential race, Enrique Pena Nieto, speaking from Washington, congratulated Vallejo and said, "I think this victory should be very encouraging, looking ahead to next year."	El hombre espera para representar al PRI en la carrera presidencial, Enrique Pena Nieto, hablando desde Washington, felicitó a Vallejo y dijo: "Creo que esta victoria debería ser muy alentador, de cara al próximo año."
track4bes-en	NA	2017	221	3	Former presidential candidate John Edwards has been charged with campaign finance violations connected to the cover-up of an extramarital affair.	El ex candidato presidencial John Edwards ha sido acusado de violaciones relacionadas con la financiación de la campaña de encubrimiento de un romance extramarital.
track4bes-en	NA	2017	222	2	Or until we die, whichever comes first.	O hasta que mueren, sea cual sea el primero.
track4bes-en	NA	2017	223	3	It's not so much a book about what happened, he explains, as "a book about what it was like." It's about "feelings, impressions, experiences and moods."	No es tanto un libro sobre lo ocurrido, explica, como "un libro sobre lo que era como". Se trata de "sentimientos, impresiones, experiencias y estados de ánimo".
track4bes-en	NA	2017	224	5	In recent days, Italy's borrowing costs have soared dangerously and the prime ministers of both Italy and Greece have resigned.	En los últimos días, los costos de endeudamiento de Italia han aumentado peligrosamente y los primeros ministros de Italia y Grecia han dimitido.
track4bes-en	NA	2017	225	3	Once at Quantico, Manning said, he spend most days in a small cell -- at least 21 hours and often more than 23 hours -- with no company.	Una vez en Quantico, Manning dijo, él gastar más días en una celda pequeña - al menos 21 horas y a menudo más de 23 horas -- con ninguna empresa.
track4bes-en	NA	2017	226	5	Europe's monetary union has been badly undermined by a sovereign debt crisis in past months.	La unión monetaria europea ha sido gravemente afectada por una crisis de deuda soberana en los últimos meses.
track4bes-en	NA	2017	227	3	"We don't want to be put in a position where we license somebody and then have a big federal issue," said Bob Nicholson, a City Council member.	"No queremos ser puestos en una posición en la que alguien de licencia y luego tienen un gran problema federal", dijo Bob Nicholson, un miembro del Consejo de la Ciudad.
track4bes-en	NA	2017	228	3	What they want is that one simply accepts what they say and shuts up.	Lo que quieren es que uno simplemente acepta lo que dicen y cierra.
track4bes-en	NA	2017	229	5	"Colorado has a more regulated market, so they will be a good guide," said Brian E. Smith, a spokesman for the Washington State Liquor Control Board.	El "Colorado tiene un mercado regulado, por lo que será una buena guía", dijo Brian E. Smith, portavoz de la Junta de Control de bebidas alcohólicas del Estado de Washington.
track4bes-en	NA	2017	230	4	In 1991, Reed Larson, a professor of human and community development at the University of Illinois, conducted an experiment in which he contacted almost 400 teenagers and their parents seven to eight times a day by beeper.	En 1991, Reed Larson, profesor de desarrollo humano y de la comunidad en la Universidad de Illinois, llevó a cabo un experimento en el que se puso en contacto con casi 400 adolescentes y sus padres de siete a ocho veces al día de radiobúsqueda.
track4bes-en	NA	2017	231	3	But what Apple fans might find most revealing in a recently rediscovered Jobs interview dusted off in advance of special movie screenings in major markets this week, is how much this creative mind understood about business processes and product workflows.	Pero lo que Apple admiradores podrían encontrar más revelador en una entrevista recién redescubierto Jobs de nuevo antes de la proyección de películas especiales en los principales mercados esta semana, es cuánto este mentes creativas entendido sobre los procesos de negocio y flujos de productos.
track4bes-en	NA	2017	232	4	About 28 people were on the northern perimeter.	Alrededor de 28 personas fueron en el perímetro septentrional.
track4bes-en	NA	2017	233	5	Israel's defence budget is bigger than that of its four Arab neighbours combined.	El presupuesto de defensa de Israel es mayor que la de sus cuatro vecinos árabes combinados.
track4bes-en	NA	2017	234	4	Tucked away under motorway flyovers, it is in many ways a suburb of Mexico City itself.	Escondida bajo la autopista pasos elevados, es, en muchos sentidos, un suburbio de la ciudad de México.
track4bes-en	NA	2017	235	2	Mr. Englund's book is a deviation from standard history books.	El Sr. Englund del libro es una desviación de la norma libros de historia.
track4bes-en	NA	2017	236	5	Tough, tough, tough.	"Duro, duro, duro".
track4bes-en	NA	2017	237	3	But no 18-year-old should be subject to such intimidation and vitriol in an educational institution.	Pero no de 18 años y debería estar sujeto a este tipo de intimidación y virulencia en una institución educativa.
track4bes-en	NA	2017	238	5	The last amendment to be added - the 27th - was ratified in 1992, but it was actually proposed by Congress in 1789.	La última enmienda a añadirse - 27 - fue ratificado en 1992, pero en realidad fue propuesto por el Congreso en 1789.
track4bes-en	NA	2017	239	5	"Cold and Inhuman": Anders Behring Breivik Makes First Public Court Appearance	"Fría e inhumano ": Anders Behring Breivik hace la primera comparecencia pública
track4bes-en	NA	2017	240	3	Mr. Kelly, while present, was "not directing operations," Mr. Browne said.	El Sr. Kelly, mientras que en la actualidad, fue "no dirigiendo las operaciones", dijo el Sr. Browne.
track4bes-en	NA	2017	241	5	The Budget Control Act, which passed in August, required that both the House and Senate vote on a balanced budget amendment.	La Ley de Control Presupuestario, aprobada en agosto, requiere que tanto la Cámara y el Senado de votar un presupuesto equilibrado enmienda.
track4bes-en	NA	2017	242	5	Traffic in Mexico City is particularly bad at present.	El tráfico en la Ciudad de México es particularmente malo en la actualidad.
track4bes-en	NA	2017	243	5	The 1,700-mile pipeline would extend from Canada to the Gulf of Mexico.	El oleoducto 1,700-mile ampliaría desde Canadá hasta el Golfo de México.
track4bes-en	NA	2017	244	5	"We are staunchly opposed to this draconian action," the senators said in a joint statement Monday afternoon when they released Panetta's letter.	"Estamos oponiéndonos firmemente a esta medidas draconianas", los senadores dijeron en una declaración conjunta el lunes por la tarde cuando se publicó la carta de Panetta.
track4bes-en	NA	2017	245	2	Indeed Hamas is gaining on the West Bank, the other bit of Palestine currently run by its bitter rivals in Fatah, the more moderate Palestinian faction.	De hecho está ganando de Hamas en Cisjordania, el otro poco de Palestina actualmente dirigido por su amarga rivales de Fatah, la facción palestina más moderada.
track4bes-en	NA	2017	246	2	But assaults are notoriously underreported, and by the Pentagon's own estimate, that figure accounts for approximately 13.5 percent of the estimated 19,000 incidents that occurred that year.	Pero los asaltos son notoriamente divulgado, y por la propia estimación del Pentágono, cifra que representa aproximadamente el 13,5% de los aproximadamente 19.000 incidentes ocurridos este año.
track4bes-en	NA	2017	247	5	And then again, no one who lived through it will ever forget the media circus President Bill Clinton unleashed by lying during his second term in office about his sexual involvement with Monica Lewinsky.	Y entonces, una vez más, nadie que vivió se olvidará el circo mediático Presidente Bill Clinton desatada por mentir durante su segundo mandato sobre su relación sexual con Monica Lewinsky.
track4bes-en	NA	2017	248	5	The report, released in March, also examines prosecution rates: in 2010, 20 percent of reported cases in the military went to trial - half the rate of the civilian justice system.	El informe, publicado en marzo, examina también las tasas de enjuiciamiento: En 2010, el 20% de los casos denunciados en los militares fueron a juicio, la mitad de la tasa del sistema de justicia civil.
track4bes-en	NA	2017	249	5	First of all, like many people, I assumed that boredom was a relatively recent phenomenon, with the advent of more leisure time.	En primer lugar, al igual que muchas personas, supuse que el aburrimiento es un fenómeno relativamente reciente, con la llegada de más tiempo de ocio.
