wikipediatxt	NA	2017	0	0	"Luis Guridi García" (nacido el 19 de junio de 1958 en Madrid) es un director de cine español, miembro de La Cuadrilla, junto con Santiago Aguilar Alvear.	La "partitocracia" o "partidocracia" se trata de un neologismo empleado para definir la burocracia de los partidos políticos.
wikipediatxt	NA	2017	1	2.4	"My Scene" es una línea de muñecas de la empresa Mattel derivada de Barbie lanzada para competir comercialmente con las muñecas Bratz de la empresa MGA.	La serie de muñecas My Scene se introdujo por primera vez en la temporada de otoño de 2002, antes de las 2002, para competir con las Bratz.
wikipediatxt	NA	2017	2	1.6	El "Parlamento de Fiyi" ("Parliament of Fiji" en inglés), es bicameral y lo forman la Cámara de Representantes y el Senado de Fiyi.	El Parlamento de Fiyi nace el 10 de octubre de 1970, cuando Fiyi consiguió la independencia del Reino Unido.
wikipediatxt	NA	2017	3	2.6	En sus apariciones se presenta como un hombre interesado por los negocios tras conseguir la cabeza de Chiriku, por la cual quiere cobrar una recompensa.	Desde sus primeras apariciones, Kakuzu demuestra ser una persona fría y muy interesada por los negocios, como lo demuestra al entregar la cabeza de Chiriku (amigo de Asuma que protegió al Señor Feudal del Fuego).
wikipediatxt	NA	2017	4	2.8	"Super Trouper" es el nombre del séptimo álbum de estudio del grupo sueco ABBA, publicado en 1980 por Polar Music.	"Super Trouper" fue publicado por primer vez en Escandinavia el 3 de noviembre de 1980, bajo el sello de Polar Music.
wikipediatxt	NA	2017	5	2.6	"El Minero de Coquimbo" era un periódico chileno, de ámbito local, editado en La Serena en 1828.	El primer ejemplar de El Minero de Coquimbo apareció el 22 de marzo de 1828.
wikipediatxt	NA	2017	6	0	En el Lenguaje de Modelado Unificado, un "diagrama de casos de uso" es una especie de diagrama de comportamiento UML mejorado.	La Policía Montada es heredera de la "North West Mounted Police" (NWMP) y la Dominion Police, fundadas en 1873 y 1868 respectivamente.
wikipediatxt	NA	2017	7	2.4	A lo largo de los años, "X Japan" se ha convertido en uno de los grupos más influyentes de Japón, lo que ha dado lugar a ciertas referencias en la cultura popular, ya sea de parte del mismo grupo o de sus miembros.	X Japan es uno de los grupos más imitados de Japón, aquí se recoge una lista de los artistas más destacados que han versionado alguna canción suya.
wikipediatxt	NA	2017	8	0.2	Por sus contribuciones a la geometría algebraica, la teoría de números y la topología ha sido considerado uno de los matemáticos más prominentes del siglo XX.	Las ganancias generadas por esta nueva actividad económica beneficiaban a un reducido grupo de inversionistas y comerciantes que implantaron en la sociedad un nuevo proyecto de desarrollo.
wikipediatxt	NA	2017	9	1.6	La industria de cerveza es parte de las actividades de la economía de occidente.	La popularidad de la cerveza lager creció bastante cuando se desarrollaron de manera eficaz los sistemas de refrigeración a comienzos del siglo XX.
wikipediatxt	NA	2017	10	2.8	"Bodies Without Organs" o "BWO" es un grupo dance de Suecia formado en 2004 por Alexander Bard, Marina Schiptjenko y Martin Rolinski como vocalista.	"Bodies Without Organs", también conocidos desde su segundo trabajo como "BWO" es un grupo dance sueco de éxito en Escandinavia y algunos países de Europa del este.
wikipediatxt	NA	2017	11	3.4	" Oráculo " es un personaje de ficción representada por Gloria Foster (y después por Mary Alice) dentro de las series de la Matrix, películas creadas por los hermanos Wachowski.	El Oráculo fue interpretada por Gloria Foster en las primeras dos películas de Matrix ("Matrix" y "The Matrix Reloaded") y por Mary Alice en la tercera película de Matrix ("Matrix Revolutions") y el vídeojuego ("Enter the Matrix").
wikipediatxt	NA	2017	12	2.2	La "hemodiafiltración" es un método de diálisis renal que combina la hemodiálisis y la hemofiltración.	La hemodiálisis es muy eficiente eliminando toxinas de bajo peso molecular y la hemofiltración es más eficiente eliminando toxinas de peso molecular más alto.
wikipediatxt	NA	2017	13	2	Los antiguos romanos prefirieron los edificios pseudoperípteros, con un pórtico en la parte delantera, con columnas encastradas a lo largo de los lados y muros en traseros en la "cella".	Los edificios pseudoperípteros parecen similares a los edificios "perípteros" con columnas exentas alrededor de la cella como un "peristilo".
wikipediatxt	NA	2017	14	2.4	Está demostrado que, al contrario de lo que se creía anteriormente, la ejecución no se llevó a cabo.	Según investigaciones modernas, la sentencia no se llevó a cabo y Maria Anna Schwegelin fue perdonada.
wikipediatxt	NA	2017	15	1.8	El miércoles 12 de marzo de 1986 se celebró en España un controvertido "referéndum sobre la permanencia de España en la OTAN", a la que pertenecía desde el 30 de mayo de 1982.	El presidente de la plataforma cívica que propugnaba el «no» al ingreso de España en la OTAN fue el escritor Antonio Gala.
wikipediatxt	NA	2017	16	1.6	Los "bajoranos" son una especie humanoide del universo de la serie televisiva de ficción Star Trek.	Los bajoranos son una de las civilizaciones más antiguas de la Vía Láctea ya que su origen se remonta a varios miles de años.
wikipediatxt	NA	2017	17	3.8	En julio de 2012, Axel Springer se desprendió de Micromanía para incluir la temática de PC dentro de Hobby Consolas, y la redacción de Micromanía, la misma que trabajó en la revista hasta ese momento, se independizó y comenzó a publicarla a través de BlueOcean Publishing.	En julio de 2012, Axel Springer se desprendió de Micromanía para incluir la temática de PC dentro de Hobby Consolas, y el equipo de Micromanía comenzó a publicar desde septiembre del mismo año la revista por la editorial BlueOcean Publishing.
wikipediatxt	NA	2017	18	2.4	Antes de acometer cualquier proyecto u obra de ingeniería civil o edificación, es necesario conocer las características del terreno involucrado.	Las actividades y los objetivos de un reconocimiento geotécnico, así como su extensión y nivel de información resultante, dependen directamente del proyecto u obra a realizar, y de las características del terreno donde se sitúa.
wikipediatxt	NA	2017	19	2.8	El "huracán Emily" fue el segundo huracán mayor y el primero en alcanzar la categoría 5 de huracán en la Temporada de huracanes en el Atlántico de 2005.	El 16 de julio, Emily se reforzó bastante, convirtiéndolo en el primer huracán Categoría 5 el mes de julio en el océano Atlántico, con vientos máximos sostenidos de 260 km/h.
wikipediatxt	NA	2017	20	3.4	"Valdevimbre" es un municipio y localidad de España situado en la comarca del Páramo, al sur de la provincia de León, en el extremo noroccidental de la comunidad autónoma de Castilla y León.	Valdevimbre se encuentra en la comarca del Páramo Leonés, en el sur de la provincia de León, a una altitud de 813 msnm.
wikipediatxt	NA	2017	21	2	El "Club Deportivo Universidad Iberoamericana" fue un club del fútbol chileno representante de la Universidad Iberoamericana de Ciencias y Tecnología de la ciudad de Santiago.	En noviembre de 2004, y bajo el alero de la Universidad, nace el Club Deportivo Universidad Iberoamericana de Ciencias y Tecnología, dedicado a entregar a la comunidad universitaria y a sus socios instancias de participación deportiva y competitiva.
wikipediatxt	NA	2017	22	1.6	"Melbourne Victory" es un equipo de fútbol situado en la ciudad de Melbourne (Australia) y juega actualmente en la A-League.	Melbourne es la franquicia de la liga con más campeonatos conseguidos desde que la nueva liga fue creada, ganando el campeonato de la A-League en dos ocasiones.
wikipediatxt	NA	2017	23	2.8	La "escena de género" es un tipo de obra artística, principalmente pictórica, en la que se representa a personas normales en escenas cotidianas, de la calle o de la vida privada, contemporáneas al autor.	Lo que distingue a la escena de género es que representa escenas de la vida diaria, como los mercados, interiores, fiestas, tabernas y calles.
wikipediatxt	NA	2017	24	0.4	"Valdepeñas de Jaén" es un municipio español de la comarca de la Sierra Sur, al suroeste de la provincia de Jaén, Andalucía.	"Khambhat", antiguamente conocida como "Cambay", es un ciudad y un municipio de la India en el distrito de Anand en el estado de Guyarat.
wikipediatxt	NA	2017	25	2	Desde el 1 de enero de 2012, ejerce su actividad financiera a través del SIP Kutxabank junto con BBK y Caja Vital.	El 23 de septiembre de 2011, la asamblea extraordinaria de Kutxa aprobó la creación del banco Kutxabank a través del cual ejercería su actividad financiera junto a BBK y Caja Vital.
wikipediatxt	NA	2017	26	1	La "cripta de Santa Leocadia" está situada en el interior de la catedral de Oviedo, Asturias.	Esteban Báthory fue sepultado en la cripta de la catedral de Wawel en Cracovia.
wikipediatxt	NA	2017	27	0	El río atraviesa la importante ciudad de Puebla de Zaragoza, la cuarta más poblada del país.	El "Grêmio Esportivo Bagé", o simplemente "Bagé" es un club de fútbol brasileño, de la ciudad de Bagé en el estado de Rio Grande do Sul.
wikipediatxt	NA	2017	28	1.6	El "Partido Socialista Laborista de América" ("Socialist Labor Party of America", SLP) es un partido marxista de los Estados Unidos.	Se fundó en 1876 con el nombre de "Partido de los Trabajadores de América" (Workingmen's Party of America), constituyendo el segundo partido socialista más antiguo del mundo.
wikipediatxt	NA	2017	29	1.6	La máscara se encuentra expuesta al público en el Museo Arqueológico Nacional de Atenas.	La "máscara de Agamenón" es una de las cinco descubiertas en el círculo de Tumbas A, tres fueron encontradas en la tumba IV y en la tumba V se encontraron dos.
wikipediatxt	NA	2017	30	3.2	El "vatímetro" es un instrumento electrodinámico para medir la potencia eléctrica o la tasa de suministro de energía eléctrica de un circuito eléctrico dado.	Los vatímetro electrónico, es un dispositivo pasivo, utilizado en electricidad y electrónica, capaz de almacenar energía sustentando un campo eléctrico.
wikipediatxt	NA	2017	31	3.2	Podemos distinguir entre arteriografía cuando el objeto de estudio son las arterias, y flebografía cuando se refiere a las venas.	Se habla de arteriografía cuando el objeto de estudio son las arterias, si fueran las venas se habla de flebografía, ámbas técnicas se agrupan en lo que se conoce como angiografía.
wikipediatxt	NA	2017	32	1.6	La "Red Juvenil Interreligiosa Latinoamericana" es una organización de la Conferencia Mundial de Religiones por la Paz (WCRP), está conformada por representantes de las organizaciones relacionadas con los jóvenes y estudiantes católicos, protestantes, evangélicos, judíos, musulmanes, baha'i e indígenas de América Latina.	Asimismo, en el ámbito regional, la Red Juvenil Interreligiosa Latinoamericana participa en la familia de Religiones por la Paz, integrando el Consejo Latinoamericano y Caribeño de Líderes Religiosos.
wikipediatxt	NA	2017	33	1.8	"Sí" es el tercer álbum de estudio de la cantante y compositora mexicana Julieta Venegas por el sello discográfico BMG de 2003, el cual fue lanzado el 4 de noviembre de 2003.	"Sí" marca una actualización en el sonido de las composiciones de Julieta Venegas, respecto de los títulos anteriores.
wikipediatxt	NA	2017	34	1.6	Mildred es muy simpática y entusiasta y trata de hacer las cosas bien, pero tiende a dejarse llevar y hacer cosas sin pensar, lo que le ocasiona diversos embrollos.	Es aventurera y bromista, siempre quiere hacer las cosas a su manera y detesta que le den ordenes.
wikipediatxt	NA	2017	35	1.6	Todos los oficiales del ejército británico y muchos de otras partes del mundo son entrenados en Sandhurst.	Todos los oficiales cadetes que completan el curso de Comisión son elegibles para licenciarse.
wikipediatxt	NA	2017	36	2.8	La "Eureka Stockade" fue una revuelta de mineros ocurrida en Ballarat, Victoria, Australia, en 1854.	La Eureka Stockade fue seguramente la rebelión más importante en la historia de Australia y, dependiendo como se defina una rebelión, puede ser considerada la única.
wikipediatxt	NA	2017	37	1.6	El primer sistema Cray-1 fue instalado en el laboratorio nacional de Los Álamos en 1976.	El Cray-1 fue sucedido en 1982 por el Cray X-MP de 800 MFLOPS, la primera computadora multi-proceso.
wikipediatxt	NA	2017	38	1.8	"vuelo 574 de Adam Air", de la aerolínea indonesia Adam Air, era un vuelo nacional que partió el 1 de enero de 2007 desde el Aeropuerto Internacional de Juanda, en Surabaya, Java con destino al Aeropuerto Internacional Sam Ratulangi de Manado, y desapareció en las cercanías de Polewali.	1 de enero de 2007, a las 12:55 hora local (05:55 UTC), el avión despegó del aeropuerto de Juanda, Surabaya, con 96 pasajeros (ochenta y cinco adultos, siete niños y cuatro bebés)
wikipediatxt	NA	2017	39	2	Un "catéter de diálisis" es un catéter usado para mover sangre del paciente a y desde la máquina de hemodiálisis.	La luz arterial (típicamente roja) retira la sangre del paciente y la lleva a la máquina de diálisis, mientras que la luz venosa (típicamente azul) retorna la sangre al paciente desde la máquina de la diálisis.
wikipediatxt	NA	2017	40	1.6	"Los dos hidalgos de Verona" es una comedia de William Shakespeare, y una de las primeras obras que escribió.	La fecha exacta de composición de la obra no es conocida, pero se cree que fue una de las primeras obras de Shakespeare.
wikipediatxt	NA	2017	41	2.8	El público de Bershka se compone principalmente de jóvenes conocedores de las últimas tendencias.	El estilo de las tiendas Bershka es juvenil e informal, pero dentro de ella se pueden elegir distintos estilos y gustos de la moda.
wikipediatxt	NA	2017	42	1.2	La "industria alimentaria" es la parte de la industria encargada de la elaboración, transformación, preparación, conservación y envasado de los alimentos de consumo humano y animal.	La industria de las bebidas tiene como objeto la elaboración y envasado de las bebidas en general.
wikipediatxt	NA	2017	43	0.2	El "Partido Comunista Español" fue un partido político español fundado el 15 de abril de 1920 por los integrantes de la Federación de Juventudes Socialistas.	Es una pedanía española, perteneciente al municipio de de Salas de los Infantes, al sureste de la provincia de Burgos (comunidad autónoma de Castilla y León).
wikipediatxt	NA	2017	44	1.6	Las pacientes diagnosticadas con histeria femenina debían recibir un tratamiento conocido como «masaje pélvico», estimulación manual de los genitales de la mujer por el doctor hasta llegar al orgasmo que, en el contexto de la época, se denominaba «paroxismo histérico», al considerar el deseo sexual reprimido de las mujeres una enfermedad.	Aunque los médicos de la época reconocían que el desorden provenía de la insatisfacción sexual, parecían reticentes a admitir el propósito sexual de los dispositivos empleados para tratarlo.
wikipediatxt	NA	2017	45	2	El "USS Defiant" es una nave espacial en la serie televisiva Star Trek: Espacio profundo 9, en el universo de Star Trek.	Esta nave lleva el mismo nombre que el USS Defiant (NCC-1764), clase Constitution, de la serie original de Star Trek y que también aparece en Star Trek: Enterprise.
wikipediatxt	NA	2017	46	0	La "edad del Universo", de acuerdo con la Teoría del Big Bang, es el tiempo transcurrido desde el Big Bang hasta el presente.	Los "acuerdos de Evián" son el resultado de negociaciones entre los representantes de Francia y los del Gobierno Provisional de la República Argelina (GPRA) formado por el Frente de Liberación Nacional (FLN) durante la guerra de Argelia.
wikipediatxt	NA	2017	47	2.8	La "Orden de San Jerónimo" (Latín: "Ordo Sancti Hieronymi"), (sigla "O.S.H.") es una orden religiosa católica de clausura monástica y de orientación puramente contemplativa que surgió en el siglo XIV.	La Orden de San Jerónimo es una orden contemplativa y se inspira en la vida de San Jerónimo como modelo para imitar a Jesucristo en su camino a la perfección.
wikipediatxt	NA	2017	48	2.4	La "Mars Observer" fue una sonda lanzada el 25 de septiembre de 1992 por los Estados Unidos a estudiar el planeta Marte.	La sonda se lanzó sin incidentes el 25 de septiembre de 1992 mediante un cohete Titan 34D.
wikipediatxt	NA	2017	49	3	Un "martirologio" es un catálogo de mártires y santos de la Iglesia Católica ordenados según la fecha de celebración de sus fiestas.	Es el libro de los aniversarios de los mártires y por extensión de los santos en general, de los misterios y de los sucesos que pueden dar lugar a una conmemoración anual en la Iglesia católica.
wikipediatxt	NA	2017	50	1.4	El Café "Libertad 8", situado en el Barrio de Chueca de Madrid es la cuna de artistas y cantautores de la capital, abierto como café en 1975.	En este local tenían tertulias los más renombrados periodistas y escritores de la capital.
wikipediatxt	NA	2017	51	0.4	"Raasay" ("Ratharsair" en gaélico escocés), es una isla ubicada entre Escocia y la la isla de Skye	"Clodomira" es una ciudad del Departamento Banda al noreste de Santiago del Estero, ubicada a 20 km de la ciudad capital provincial, Argentina.
wikipediatxt	NA	2017	52	1.2	La "rueda de cabillas" es un dispositivo mediante el cual se acciona el timón.	Los buques modernos han abandonado la rueda de cabilla y son comandados o bien mediante un "joystick" o bien mediante un simple volante.
wikipediatxt	NA	2017	53	1	El arte de la jardinería tiene, para los chinos, la misma consideración sagrada que la escritura o la poesía.	La ideología de la filosofía taoísta acerca de la naturaleza, de la misma manera que se refleja en las artes como la poesía y la escritura, constituye una constante en la concepción de los jardines chinos.
wikipediatxt	NA	2017	54	2.2	El "corvo" es un arma blanca tradicional usada en Chile, de carácter ofensivo, apta para la lucha cuerpo a cuerpo.	El Ejército de Chile instruye a la totalidad de su contingente sobre el manejo y empleo del corvo mediante instructores de Combate Especial (sistema chileno de lucha cuerpo a cuerpo).
wikipediatxt	NA	2017	55	2	De esta manera, si un objeto expulsa parte de su masa en una dirección, el resto del objeto se desplazará en sentido contrario.	Éste es el fundamento de los motores a reacción, también llamados de "propulsión a chorro": en ellos, parte de la masa de la nave (el combustible) es expulsada a gran velocidad en una dirección, ocasionando que el resto de la nave se desplace en el sentido opuesto.
wikipediatxt	NA	2017	56	1.6	"Quemú Quemú" es una localidad ubicada al noreste de la provincia de La Pampa en Argentina.	Localidad ubicada al oeste de la llamada Pampa Húmeda Argentina, posee un clima con dos regímenes de lluvias:
wikipediatxt	NA	2017	57	1.4	El Dr. Yamanoue, creador del cuerpo de Marte, trata de usar el robot para propósitos militares, mientras que el Dr. Kawashimo (en Hispanoamérica el Dr. Sopa), creador de la inteligencia artificial de Marte, se opone fuertemente a esa idea.	"Dr. Kawachi" (en Hispanoamérica el Dr. Sopa): Creador del super-cerebro eléctronico de Marte y a la vez creador de su hija robot Miri.
wikipediatxt	NA	2017	58	2	"Sarah Jeanette Connor" es un personaje ficticio, la heroína en las primeras dos películas de Terminator y la serie de televisión llamada "Terminator: The Sarah Connor Chronicles".	En noviembre de 2005, fue anunciado que 20th Century Fox produciría una serie de televisión llamada "Terminator: The Sarah Connor Chronicles" que ofrecen las aventuras del personaje de Sarah y su hijo en años entre "Terminator 2" y "Terminator 3".
wikipediatxt	NA	2017	59	2.2	"Risas y Salsa" fue un programa humorístico de la televisión peruana, recordado por su primera etapa entre 1980 y 1999.	El 29 de mayo de 1999, con 19 años en el aire, "Risas y Salsa" sale abruptamente del aire siendo sustituido ese sábado por un partido del "torneo apertura" de ese año y posteriormente por "Los ambulantes de la risa" en 1999 y el 2000.
wikipediatxt	NA	2017	60	2.2	Las "joyas de la Corona" son joyas u objetos de bien de piedras preciosas o de bisutería pertenecientes al reinado de una familia real en un determinado país.	Las joyas de la Corona y otros objetos pertenecientes a los gobernantes se guardan en sus respectivos palacios.
wikipediatxt	NA	2017	61	2.4	El acceso a "agua potable y saneamiento básico en América Latina" es insuficiente y además su calidad es inadecuada.	Muchas veces el servicio no está continuo, la presión es insuficiente y la calidad del agua es inadecuada.
wikipediatxt	NA	2017	62	1.6	"Barinas" es el municipio capital del Estado Barinas de Venezuela, integrado por 12 parroquias de las 56 del estado.	Al ser capital del estado de Barinas el municipio cuenta con algunas ventajas como el ser sede de tres grandes centros comerciales, de las principales sedes bancarias extranjeras, de los hoteles más lujosos de la ciudad.
wikipediatxt	NA	2017	63	1.6	La "Academia de Infantería" (ACINF) es un centro de formación militar del Ejército de Tierra español situado en la localidad de Toledo.	Al acabar la guerra, la Academia de Infantería estuvo instalada provisionalmente en Zaragoza, en el edificio de la Academia General Militar, y en Guadalajara, en la sede de la Fundación de San Diego de Alcalá.
wikipediatxt	NA	2017	64	0.8	El "Cabernet Franc" es una variedad de vid negra, de las más conocidas en todo el mundo.	El más conocido es el que ataca a la vid, provocado por "Plasmopara viticola", pero existen otras plantas que también sufren el mildiu, como la cebolla, la patata, el tomate, etc. Otra especie es el mildiu de la espinaca, "Peronospora farinosa".
wikipediatxt	NA	2017	65	3	"Tu Veneno" es el segundo álbum de la actriz y cantante Uruguaya Natalia Oreiro.	Natalia Oreiro continuó su carrera musical con su segundo álbum, "Tu Veneno", el más exitoso hasta la fecha, llevándola nuevamente por Europa y Latinoamérica.
wikipediatxt	NA	2017	66	3	En 1984 obtuvo el Campeonato Mundial de Resistencia y el Campeonato Alemán de Automovilismo con el equipo oficial Porsche.	También en 1984, ganó el título de pilotos del Campeonato Mundial de Resistencia, al triunfar en seis carreras, y ayudó a Porsche a ganar el título de constructores.
wikipediatxt	NA	2017	67	1.6	Con los años y la revolucionaria historia francesa, el Moulin de la Galette se convirtió en sala de baile.	Tras la Restauración, su hijo, Nicolas-Charles Debray, convierte el molino en una sala de baile con jardines.
wikipediatxt	NA	2017	68	2	"Jennifer "Jen" Scotts" es un personaje de ficción de la serie de televisión "Power Rangers", interpretado por Erin Cahill.	En el universo de ficción de "Power Rangers: Fuerza del Tiempo", Jen es la segunda a bordo del equipo de Power Rangers Time Force en 3001.
wikipediatxt	NA	2017	69	2.6	"Greatest Hits" es el nombre de primer álbum recopilatorio del grupo sueco ABBA, lanzado a fines de 1975.	"Greatest Hits" se convirtió en el primer álbum de ABBA en entrar a muchas listas de popularidad alrededor del mundo.
wikipediatxt	NA	2017	70	2	Es un queso elaborado con leche de cabra y que en la actualidad es Denominación de Origen Protegida.	El Queso Ibores, tal y como lo conocemos hoy, se produce en la zona de ámbito de esta Denominación de Origen Protegida desde tiempos remotos.
wikipediatxt	NA	2017	71	1.4	"Acer rubrum", el "arce rojo americano," "arce rojo" o "arce de Canadá" es uno de los árboles caducos más comunes y extendidos del este de Norteamérica.	En partes del noroeste del Pacífico, es uno de los más árboles más comúnmente introducidos.
wikipediatxt	NA	2017	72	3	El "corvo" es un arma blanca tradicional usada en Chile, de carácter ofensivo, apta para la lucha cuerpo a cuerpo.	El corvo es un arma que aparece recurrentemente en la literatura, temas de folclore y episodios históricos de Chile.
wikipediatxt	NA	2017	73	1.8	"Las dos torres" (titulado originalmente en inglés "The Two Towers") es el segundo volumen de la novela de fantasía heroica "El Señor de los Anillos", del escritor británico J. R. R. Tolkien.	En 2002 se estrenó la película "El Señor de los Anillos: las dos torres", dirigida por Peter Jackson.
wikipediatxt	NA	2017	74	2	El "Palacio Ripalda" o "Castillo Ripalda" fue un edificio hoy desaparecido de estilo ecléctico diseñado en 1889 por el arquitecto español Joaquín María Arnau Miramón (1849 - 1906), en la ciudad española de Valencia.	El "Palacio Ripalda" era un edificio peculiar, concebido como un chateau francés, dentro de una perspectiva romántica sin precedente en Valencia.
wikipediatxt	NA	2017	75	0.8	Su familia era una de las más poderosas de Transilvania, y aparte de la propiedad de Somlyó, también gobernaban en Szatmár y Szinér.	Al final de la Primera Guerra Mundial, Transilvania, Bucovina y Besarabia fueron anexionadas con el Reino de Rumania.
wikipediatxt	NA	2017	76	0	Era el hijo menor de Felipe II de Saboya, y su segunda esposa Claudina de Brosse de la familia que infructuosamente reclamó el Ducado de Bretaña.	El "mildiu" es una enfermedad que afecta a algunas plantas, producida por protistas fungoides Oomycetes de la familia Peronosporaceae.
wikipediatxt	NA	2017	77	2.2	A partir del 2009, la UCF es la universidad pública más grande en matrícula total y en cuanto a número de estudiantes nivel subgraduado en todo el estado.	En el 2003, La UCF tenía la distinción de ser la universidad con la taza de crecimiento más grande de los Estados Unidos en cuanto a la matrícula subgraduada, y a partir del otoño del 2006 más de 47,000 estudiantes asisten a la universidad.
wikipediatxt	NA	2017	78	3	La "prueba del espejo", aplicada con animales, es una medida de consciencia de sí mismo desarrollada por Gordon Gallup Jr en 1970.	La prueba fue desarrollada por Gordon Gallup Jr. en 1970, basándose en parte en observaciones hechas por Charles Darwin.
wikipediatxt	NA	2017	79	2.2	El "Partido Socialista Laborista de América" ("Socialist Labor Party of America", SLP) es un partido marxista de los Estados Unidos.	Se fundó en 1876 con el nombre de "Partido de los Trabajadores de América" (Workingmen's Party of America), constituyendo el segundo partido socialista más antiguo del mundo.
wikipediatxt	NA	2017	80	0	El "Observatorio Naval de los Estados Unidos" (en inglés "United States Naval Observatory" o "USNO") es una de las agencias científicas más antiguas de los Estados Unidos.	El estandarte del príncipe de España se encontraba regulado por el "Decreto número 814, de 22 de abril de 1971, que estableció el guion y el estandarte del príncipe de España".
wikipediatxt	NA	2017	81	2.4	Fue construida en el lugar en el cual según la tradición musulmana rezó el Califa Omar ibn al-Jattab, luego de visitar el Santo Sepulcro.	Cuando el Califa Omar entró a Jerusalén, Sofronio lo invitó a rezar en el Santo Sepulcro.
wikipediatxt	NA	2017	82	2.8	"Osmín Aguirre y Salinas" (San Miguel, El Salvador, 24 de diciembre de 1889 - San Salvador, El Salvador, 12 de julio de 1977) fue un militar salvadoreño que fue miembro del Directorio cívico del 2 al 4 de diciembre de 1931 y Presidente Provisional de la República de El Salvador desde el 21 de octubre de 1944 hasta el 1 de marzo de 1945	El Coronel Osmín Aguirre y Salinas nació en San Miguel, el 24 de diciembre de 1889 y murió en la capital salvadoreña cuando era conducido al Hospital Militar, al ser atacado a balazos el 12 de julio de 1977 frente a su residencia, ubicada en la 15 Calle Oriente, No 117, de esa misma ciudad capital.
wikipediatxt	NA	2017	83	2.4	La "masacre de París del 17 de octubre de 1961" se refiere a la represión sangrienta de una manifestación de argelinos ocurrida en París, Francia, durante la guerra de Argelia.	En la década de 1990 la masacre del 17 de octubre, como es conocida en Francia, llegó a la conciencia nacional.
wikipediatxt	NA	2017	84	1.2	Su director general es el tenor español Plácido Domingo (su contrato acaba de prorrogarse hasta la temporada 2010-2011).	Hemmings se retiró como Director General en 2000, con Plácido Domingo asumiendo el liderazgo de la compañía la temporada siguiente.
wikipediatxt	NA	2017	85	1.8	"Alexander Mahone" es un personaje de la serie televisiva de FOX, "Prison Break" interpretado por William Fichtner.	Alexander Mahone es un inteligente agente especial del FBI, que está al mando de la búsqueda de los ocho presos fugados de Fox River.
wikipediatxt	NA	2017	86	2.4	El "mutacionismo" abarca a todas aquellas teorías de la evolución en las que la mutación es la principal fuerza de cambio.	El mutacionismo, sin embargo, postuló que la evolución procedía en dos pasos: en primer lugar, la ocurrencia azarosa de una mutación; en segundo lugar, su preservación o eliminación por la selección natural.
wikipediatxt	NA	2017	87	1.6	"Miquel Illescas Córdoba" es un ajedrecista español nacido en Barcelona el 3 de diciembre de 1965.	Miguel Illescas es miembro del equipo olímpico español desde 1986 y ha participado en 9 Olimpíadas de ajedrez, consiguiendo un total de 60.5/99
wikipediatxt	NA	2017	88	2	Dos de sus ramas, la casa de Manrique de Lara (duques de Nájera y marqueses de Aguilar de Campoo), tiene rango de Grandes de España de la primera antigüedad.	La casa de Manrique de Lara ostentó algunos de los más importantes títulos de Castilla como los de duque de Nájera y marqués de Aguilar de Campoo, todos ellos en posesión de la Grandeza de España.
wikipediatxt	NA	2017	89	2	Se educó en la casa de su abuelo, pero recibió su aprendizaje político y militar en casa de su padre y de su tío el cardenal Mendoza.	Pero recibió su aprendizaje político y militar junto a su padre, embajador ante el papa Pío II en el concilio de Mantua,y de su tío el poderoso cardenal Mendoza.
wikipediatxt	NA	2017	90	1.4	En 1189, Tancredo se rebeló y tomó el control de la isla, siendo coronado como rey Tancredo I de Sicilia a principios de 1190.	Cuando Tancredo se resistió a sus peticiones, Ricardo capturó un monasterio y el castillo de La Bagnara.
wikipediatxt	NA	2017	91	1.2	"Sir Galahad" (a veces como "Galaz"; en galés: "Gwalchavad") es un caballero de la Mesa Redonda del Rey Arturo y uno de los tres que alcanzaron el Grial en las leyendas artúricas.	Merlín profetiza que Galahad sobrepasaría a su padre en valor y lograría alcanzar el santo Grial.
wikipediatxt	NA	2017	92	2.2	La "libertad condicional" es una medida alternativa a una pena privativa de libertad, como la prisión o el arresto domiciliario, que contemplan los ordenamientos jurídicos de algunos países, y que es posible imponer en la sentencia cuando se cumplen ciertos requisitos establecidos en la ley, que le permite al condenado por un delito cumplir su sanción penal en libertad, aunque sujeto a ciertas obligaciones o bajo ciertas condiciones, por ejemplo, no cometer nuevos delitos o faltas.	Del mismo modo, esta figura es contemplada en ciertos sistemas legales como una medida de rehabilitación, que le permite al condenado, tras cumplir una cierta proporción de la pena impuesta y otros requisitos, terminar su condena en libertad, aunque sujeto a ciertas condiciones.
wikipediatxt	NA	2017	93	2	Los sitios considerados "Patrimonio de la Humanidad en México", han cumplido los requisitos necesarios marcados por la Organización de las Naciones Unidas para la Educación, la Ciencia y la Cultura (UNESCO) y que han sido nominados para el programa internacional Patrimonio de la Humanidad por el comité de la Unesco debido a su importancia excepcional, cultural o natural,	México cuenta con diez ciudades denominadas como Patrimonio de la Humanidad, por lo que es el tercer País por número de Ciudades Patrimonio de la Humanidad, sólo después de Italia y España.
wikipediatxt	NA	2017	94	2	Se hundió el 28 de septiembre de 1994 en el Mar Báltico, y se cobró la vida de 852 personas.	El desastre del Estonia ocurrió el 28 de septiembre de 1994 a las 00:58, atravesando el Mar Báltico, en ruta de Tallin a Estocolmo, cuando llevaba 989 pasajeros más la tripulación.
wikipediatxt	NA	2017	95	2	La "marinera" es un baile de pareja suelto, el más conocido de la costa del Perú.	La marinera es el baile nacional del Perú, y su ejecución busca hacerse con derroche de gracia, picardía y destreza.
wikipediatxt	NA	2017	96	2.2	En esta plaza se encuentran el Monumento al Justicia de Aragón y el edificio de Capitanía General.	Preside la plaza el monumento en homenaje a Juan de Lanuza, justicia de Aragón ejecutado en 1591 por el episodio conocido como las Alteraciones de Aragón.
wikipediatxt	NA	2017	97	2.2	En Informática, "virtualización" es la creación -a través de software- de una versión virtual de algún recurso tecnológico, como puede ser una plataforma de hardware, un sistema operativo, un dispositivo de almacenamiento u otros recursos de red.	La máquina virtual en general simula una plataforma de hardware autónoma incluyendo un sistema operativo completo que se ejecuta como si estuviera instalado.
wikipediatxt	NA	2017	98	1	Un profesor universitario y nueve estudiantes de la limeña Universidad Nacional de Educación Enrique Guzmán y Valle (conocida como "La Cantuta" debido al nombre de la zona donde se encuentra) fueron secuestrados y desaparecidos por el destacamento Grupo Colina, pertenecientes al Ejército Peruano.	La Universidad Nacional de Educación Enrique Guzmán y Valle fue fundada como un centro de preparación de docentes en 1822, logrando el estatuto de universidad en 1965.
wikipediatxt	NA	2017	99	2.2	En el lugar que ocupaba la torre del homenaje del castillo se encuentra un monolito en recuerdo de los defensores de la independencia de Navarra.	En la actualidad, el Castillo de Maya es un símbolo de los navarros que reclaman la recuperación de la soberanía por parte de Navarra.
wikipediatxt	NA	2017	100	2.2	"Maria Anna Schwegelin" (? - 1781 en la cárcel de Kempten) fue una sirviente alemana de Lachen, la última «bruja» condenada a la hoguera en Alemania.	Te entregamos, Anna Schwegelin, al verdugo para ser llevada de la vida a la muerte en la hoguera por bruja"».
wikipediatxt	NA	2017	101	2.4	El "archipiélago de los Chonos", es un archipiélago situado en el océano Pacífico en la Región de Aysén, Chile al sur del archipiélago de las Guaitecas.	El archipiélago de los Chonos se extiende desde la parte sur de las islas Guaitecas hasta la costa norte de la península de Taitao, de la cual está separado por el canal Pulluche, la boca Wickham y la bahía Anna Pink.
wikipediatxt	NA	2017	102	2.2	La fabricación del F40 comenzó en 1987 con el motivo del 40 aniversario de la fundación de la marca.	La producción del F40 finalizó en 1992 y en 1995 fue sustituido por el F50, que hasta que una nueva generación de la fábrica respaldara los coches de GT1 que vinieron, se mantuvo competitivo.
wikipediatxt	NA	2017	103	2.4	Con anterioridad a la creación de esta real audiencia, la jurisdicción sobre este territorio estaba dividido entre las Audiencias de Charcas y de Lima.	El 3 de mayo de 1788, a través de una Real Cédula, se estableció la Real Audiencia del Cuzco con territorios que correspondían a las Audiencias de Lima y de Charcas.
wikipediatxt	NA	2017	104	1.4	"El Castillo de San Pedro de Halicarnaso" o "Castillo de Bodrum" ( en turco: "Bodrum Kalesi"), es un castillo situado en el suroeste de Turquía, en la ciudad de Bodrum, la antigua Halicarnaso.	Se llama Castillo de San Pedro y fue construido en 1420 por los Caballeros Hospitalarios de San Juan de Jerusalén.
wikipediatxt	NA	2017	105	1.4	La salud mental ha sido definida de múltiples formas por autores de diferentes culturas.	La aceptación social de personas que padecen condiciones de salud mental ha probado ser la mejor ayuda y también la mejor prevención de desórdenes mentales.
wikipediatxt	NA	2017	106	2.4	Un "coprocesador" es un microprocesador de un ordenador utilizado como suplemento de las funciones del procesador principal (la CPU).	En algunas arquitecturas el coprocesador es otro procesador de propósito general, pero que solamente ejecutará un rango de funciones limitadas por el procesador principal que le ejercerá el control.
wikipediatxt	NA	2017	107	1.8	Partiendo de la base de que los partidos son un mal necesario, los ciudadanos se van apartando de ellos y buscan otros cauces para intervenir, lo que lleva a la creación de los llamados "grupos de presión".	En la Partidocracia se dejan en manos del cuerpo electoral ciudadano, la elección, discusión, participación y consenso alrededor de temas y opciones determinadas por las élites o dirigencias de los partidos políticos.
wikipediatxt	NA	2017	108	2	Ghana ahora tiene una nueva aerolínea nacional, Ghana International Airlines, en lo que es una asociación entre el gobierno de Ghana y los inversionistas privados estadounidenses.	La aerolínea cesó sus operaciones aéreas desde que fue reemplazada por Ghana International Airlines, una aerolínea administrada por el gobierno de Ghana.
wikipediatxt	NA	2017	109	1.4	El "Hanaiakamalama", o "Palacio de Verano de la Reina Emma", sirvió de lugar de recreo de la reina Emma de Hawái de 1857 a 1885, además de para su esposo, el rey Kamehameha IV y su hijo, el Príncipe Albert Edward.	El Palacio de Verano de la Reina Emma, se encuentra hoy sobre un terreno de 2,16 acres (8.740 m²) propiedad de la "Queen Emma Estate", mantenido por las Hijas de Hawái.
wikipediatxt	NA	2017	110	1.4	"José Basco y Vargas" (Ronda 1733-1805) fue Gobernador y Capitán General de las Islas Filipinas.	Su labor de gobierno ha sido reputada como una de las más brillantes en la Historia de la Gobernación y Capitanía General de las Islas Filipinas.
wikipediatxt	NA	2017	111	1.4	Al igual que ocurre con la tecnología radar, donde se utilizan ondas de radio en vez de luz, la distancia al objeto se determina midiendo el tiempo de retraso entre la emisión del pulso y su detección a través de la señal reflejada.	Puesto que la fórmula para la velocidad de la luz es bien conocida, los intervalos de tiempo entre la emisión y la recepción se pueden calcular fácilmente.
wikipediatxt	NA	2017	112	2.4	Durante la hemofiltración, la sangre de un paciente es pasada a través de un conjunto de tuberías (un circuito de filtración), vía una máquina, a una membrana semipermeable (el filtro) donde son removidos los residuos y el agua.	En una manera similar a la de la diálisis renal, la hemofiltración implica el movimiento de solutos a través de una membrana semipermeable.
wikipediatxt	NA	2017	113	2.2	Una "primera comunión" es un ritual sacramental de una Iglesia católica, por medio del cual una persona, generalmente menor de edad, participa por primera vez del sacramento de la Eucaristía recibiendo la Comunión (recibir el cuerpo y la sangre de Jesucristo), siendo un requisito obligatorio haber obtenido antes el sacramento del Bautismo y el de la Penitencia o confesión.	La Primera Comunión es un acto de fe en la vida del creyente que condiciona una serie de compromisos futuros para el comulgante, siendo el principal, seguir participando del sacramento de la Comunión y por consiguiente de la Penitencia (Confesión) tantas veces como le sea posible.
wikipediatxt	NA	2017	114	1.6	Aunque tiene una labor prolongada como periodista, se ha dado a conocer al público en general por su labor en Televisión Española como presentadora del programa "Los desayunos de TVE".	El 4 de agosto de 2012, se hizo público su cese de la dirección del programa "Los desayunos de TVE".
wikipediatxt	NA	2017	115	1.6	El "Club Deportivo Marquense", o simplemente "Marquense", es un club de fútbol de Guatemala del departamento de San Marcos.	El club fue fundado en abril de 1958 por Mario Monterroso Mirón y Luis Emilio Anzueto junto con un grupo de vecinos del municipio de San Marcos y San Pedro en decisión para formar un equipo de fútbol para representar a la ciudad.
wikipediatxt	NA	2017	116	1.8	La organización del Miss Bolivia es responsable de seleccionar a las representantes del país para los certámentes internacionales de Miss Universo, Miss Mundo, Miss Internacional, Miss Tierra y Miss Supranacional, entre otros.	Las 5 candidatas son coronados, la ganadora, "Miss Bolivia", el segundo lugar "Miss Mundo Bolivia", el lugar tercero "Miss Bolivia Internacional", el lugar cuarto "Miss Tierra Bolivia" y el lugar quinta "Miss Bolivia Supranacional".
wikipediatxt	NA	2017	117	3	Para identificar la especie se usan la posición y las características de los soros que se encuentran en las hojas fértiles (ver texto).	Las características y posición de los soros son "caracteres diferenciales" que se usan para identificar a la especie.
wikipediatxt	NA	2017	118	3.2	El "rock espacial" ("space rock" en inglés) es un género musical surgido durante la década de los años 1960 como una corriente del rock psicodélico y la música progresiva.	El space rock emergió a finales de los 60 en Reino Unido dentro de la llamada música psicodélica.
wikipediatxt	NA	2017	119	2	Los "hepadnavirus" tienen un genoma muy corto de ADN parcialmente de doble hélice y parcialmente de hélice simple, circular.	Los hepadnavirus tienen un modo de replicación muy peculiar; se replican a través de un ARN intermediario (que ellos transcriben de vuelta en ADN usando transcriptasa inversa).
wikipediatxt	NA	2017	120	0.6	"Santa Ana, con la Virgen y el Niño" o "La Virgen, el Niño Jesús y Santa Ana", es una pintura al óleo de Leonardo da Vinci representando a Santa Ana, su hija la Virgen María y el Niño Jesús.	Otra teoría propuesta por Freud intenta explicar el cariño de Leonardo al representar a la Virgen María con Santa Ana.
wikipediatxt	NA	2017	121	2	La "angula" es el alevín del pez anguila, único alevín permitido por las leyes de pesca.	La angula es el alevín o cría de la anguila, quien realiza largas migraciones para reproducirse, desde los ríos europeos (en España), hasta los lugares para el desove.
wikipediatxt	NA	2017	122	1.6	Se dieron a conocer con su primer álbum, "Synthetic Generation", en 2001, aunque la fama les llegó con los álbumes "Termination Bliss" (2006) y "Night Electric Night" (2009).	La discográfica de la banda era Universal, con la que grabaron su primer álbum, "Synthetic Generation", en 2001, en su propio país, pero a continuación tuvieron problemas con la distribución internacional de Universal y por ello firmaron un acuerdo con el sello Nuclear Blast.
wikipediatxt	NA	2017	123	2.6	La "Unión Económica y Monetaria" (UEM) es el área formada por el conjunto de países, dentro de la Unión Europea, que comparten un mismo mercado, y una misma moneda, el euro, y donde se ejecuta una política monetaria única.	Así mismo, la Unión Económica culmina con la Unión Monetaria, proceso por el cual se instauró el euro como moneda única de una parte de los países de la Unión Europea.
wikipediatxt	NA	2017	124	1.6	Un "catéter de diálisis" es un catéter usado para mover sangre del paciente a y desde la máquina de hemodiálisis.	Si un paciente requiere terapia de diálisis de largo plazo, un catéter de diálisis crónico será insertado.
wikipediatxt	NA	2017	125	1.4	Se entiende por "diálogo" un género literario clásico que fue cultivado en la Grecia antigua y fue revitalizado en el Renacimiento por el Humanismo, sobre todo por Erasmo de Rotterdam y sus seguidores (erasmistas).	El diálogo literario se inscribe en el género de la literatura didáctica y fue cultivado en Grecia por el gran filósofo Sócrates como instrumento cognoscitivo para averiguar la verdad filosófica por medio del debate (dialéctica) en compañía de otros procedimientos como la ironía y la mayéutica.
wikipediatxt	NA	2017	126	1.2	"Perceval", también conocido como "Parzival" o "Parsifal" es uno de los legendarios Caballeros de la Mesa Redonda del rey Arturo.	Queriendo convertirse en caballero, el muchacho viaja hasta la corte del rey Arturo, donde tras probar su valía como guerrero es investido caballero e invitado a unirse a los Caballeros de la Mesa Redonda.
wikipediatxt	NA	2017	127	1.6	Es un ritual que forma parte de las prácticas de numerosas religiones y creencias.	La circunvalación es parte primordial de los rituales de inicio de las sesiones de las logias masónicas.
wikipediatxt	NA	2017	128	1.2	realizado previo a cada una de las Copas Mundiales de Fútbol organizadas por la FIFA en el que se determinan los equipos participantes de dicho evento.	Sin embargo, para la Copa Mundial de Fútbol de 1970 hubo 68 equipos que disputaron 175 partidos clasificatorios, superando los 127 del evento previo.
wikipediatxt	NA	2017	129	3.2	La "132ª División blindada "Ariete" fue la primera división blindada constituida por el "Regio Esercito" italiano, el 1 de febrero de 1939 a partir de la "2ª Brigada blindada".	La división "Ariete" se constituyó el 1 de febrero de 1939 a partir de la "2ª Brigada blindada", que en consecuencia queda disuelta.
wikipediatxt	NA	2017	130	1	El Queso Ibores es un queso graso, elaborado exclusivamente con leche cruda de cabra Serrana, Verata, Retinta y sus cruces.	La leche será el producto natural íntegro obtenido del ordeño de cabras sanas, de las ganaderías inscritas en el Registro de Ganaderías de la Denominación de Origen Protegida.
wikipediatxt	NA	2017	131	2.4	En física, la "teoría de campos" describe el conjunto de principios y técnicas matemáticas que permiten estudiar la dinámica y distribución espacial de los campos físicos.	La teoría de campos fue desarrollada en el contexto de la mecánica clásica durante el siglo XIX para describir tanto al campo gravitatorio y el campo eléctrico como otras formas de materia continuas como son los fluidos.
wikipediatxt	NA	2017	132	1.8	Se caracteriza generalmente por un crecimiento por encima de la tendencia normal del crecimiento económico, a una tasa no sostenible.	El recalentamiento es generalmente precedido por niveles de crecimiento económico por debajo del crecimiento promedio.
wikipediatxt	NA	2017	133	1.6	"Berenguer de Palou" (? - 1241) fue obispo de la diócesis de Barcelona desde el año 1212 hasta 1241.	Berenguer de Palou falleció en 1241 y está enterrado en la capilla de San Miguel de la catedral de Barcelona.
wikipediatxt	NA	2017	134	2.4	El Instituto sólo ofrece programas de posgrado en historia moderna y contemporánea, sociología política, estudios regionales y cooperación internacional.	El Instituto de Investigaciones Dr. José María Luis Mora es reconocido en el mundo académico nacional e internacional por la excelencia en la investigación en historia y ciencias sociales y por la calidad de las maestrías que imparte.
wikipediatxt	NA	2017	135	2	El género ya existía en el Cretácico temprano en el sur de Gondwana, según restos fósiles encontrados en la Antártida.	Más recientemente, Cantrill (1998) describió unas hojas fosilizadas en la capa del Cretácico temprano (más específicamente en el Aptiano), en la Antártida, que contiene esporas de "Cyatheacidites".
wikipediatxt	NA	2017	136	1.4	Grabó tres álbumes, dos de los cuales ("Invisible" y "El jardín de los presentes") están incluídos en la lista de los 100 mejores de la historia de rock argentino de la revista Rolling Stone. y "Durazno sangrando".	El disco está considerado por la revista Rolling Stone, como el nº 65 entre los 100 mejores del rock argentino.
wikipediatxt	NA	2017	137	0.2	Su mayor logro fue haber alcanzado la final del Abierto de Australia en 1979 en donde perdió ante el argentino Guillermo Vilas.	Con anterioridad fue Jefe del Estado Mayor de la Defensa (JEMAD) del Ejército Español entre los años 2004 y 2008.
wikipediatxt	NA	2017	138	2	"Gaius Julius Priscus" o "Prisco" (siglo III) fue un usurpador, militar y miembro de la guardia Pretoriana durante el reinado de Gordiano III.	Prisco se convirtió en miembro de la Guardia Pretoriana cerca de 242 durante la campaña persa de Gordiano III y, cuando Timesiteo, el prefecto del pretorio, murió en 243, convenció al joven emperador para sustituir a éste por su propio hermano Filipo.
wikipediatxt	NA	2017	139	0	El arzobispo aceptó este dictamen y anuló la profesión de Sor Fernanda Fernández, le hizo vestir de hombre, y el 11 de febrero de 1792 la remitió a sus padres, que seguían viviendo en Zújar.	Inspectah Deck nació en el Bronx, pero se mudó a la Staten Island cuando era un niño, viviendo en el Park Hill Projects en Clifton, donde otros miembros del futuro Wu-Tang Clan vivirían y congregarían.
wikipediatxt	NA	2017	140	2.6	El "macizo del Montgrí" es un macizo montañoso al borde del mar Mediterráneo en Cataluña (España).	El macizo del Montgrí es un surgimiento de roca calcaria formado por una falla orientada de este a oeste.
wikipediatxt	NA	2017	141	2.4	"Salma de Nora" (Madrid, 16 de junio de 1979) es una actriz porno española.	Salma de Nora inició su carrera como actriz porno en diciembre del 2003 después de visitar el Festival Venus de Alemania.
wikipediatxt	NA	2017	142	1.8	El "Hanaiakamalama", o "Palacio de Verano de la Reina Emma", sirvió de lugar de recreo de la reina Emma de Hawái de 1857 a 1885, además de para su esposo, el rey Kamehameha IV y su hijo, el Príncipe Albert Edward.	La casa en sí es un museo que alberga las posesiones de la Reina Emma, además de las de su marido, el Rey Kamehameha IV, su hijo, el Príncipe Albert Edward y otros miembros de las familias reales hawaianas.
wikipediatxt	NA	2017	143	1.8	El "incendio de la ciudad de Valladolid" del 21 de septiembre de 1561, en España, fue un suceso de la historia de Valladolid que se saldó con la destrucción de una décima parte de la ciudad.	El incendio comenzó el domingo 21 de septiembre, en el entorno de la casa del platero de la ciudad, Juan de Granada.
wikipediatxt	NA	2017	144	0.4	Acumuló este cargo con el de Juez de apelaciones de "Agravos da Casa da Suplicação", contable de Fazenda, superintendente general de Contrabandos y Malversaciones y fiscal de la Junta de Administración de la Compañía de Pernambuco y Paraíba.	Uno de los amigos más cecanos de Sickert y partidario suyo, fue el Barón Lord Beaverbrook, quién acumuló la más grande colección de pinturas simples de Sickert en el mundo.
wikipediatxt	NA	2017	145	1.6	"Ebenezer Scrooge" es el nombre del protagonista de la novela de 1843 "Cuento de Navidad" de Charles Dickens.	La historia de "Cuento de Navidad" comienza en Nochebuena con Scrooge en su lugar de trabajo.
wikipediatxt	NA	2017	146	1.8	Dos de sus ramas, la casa de Manrique de Lara (duques de Nájera y marqueses de Aguilar de Campoo), tiene rango de Grandes de España de la primera antigüedad.	En 1520, Carlos I de España distinguió a la Casa de Lara con la dignidad de la Grandeza de España en las personas de sus más relevantes representantes, el duque de Nájera y el marqués de Aguilar de Campoo, distinción más adelante otorgada también al conde de Paredes de Nava y el conde de Osorno.
wikipediatxt	NA	2017	147	2.2	"Natalia Oreiro" es el álbum debut de la actriz y cantante uruguaya Natalia Oreiro, lanzada por la discográfica BMG.	El debut discográfico de "Nati" se enmarca en medio de intensos trabajos de la actriz devenida cantante.
wikipediatxt	NA	2017	148	0	La "vaca", en el caso de la hembra, o "toro" en el caso del macho ("Bos primigenius taurus" o "Bos taurus"), es un mamífero artiodáctilo de la familia de los bóvidos.	Hathor es la diosa del amor, de la alegría y del baile, y la protectora de los recién nacidos.
wikipediatxt	NA	2017	149	2	No se debe confundir con el concepto de "horario de trabajo", la jornada representa el "número de horas que el trabajador debe prestar su servicio", mientras que el "horario" "fija la hora de entrada y la salida".	Si el horario establecido impidiera que se pudiera realizar la jornada completa, el empresario podrá imponer el cumplimiento íntegro de la jornada
wikipediatxt	NA	2017	150	2.8	El índice del paso depende de la presión osmótica, la concentración, el gradiente electroquímico y la temperatura de las moléculas o de los solutos en cualquier lado, así como la permeabilidad de la membrana para cada soluto.	Dependiendo de la membrana y del soluto, la permeabilidad puede depender del tamaño del soluto, de características de la solubilidad, o de la química.
wikipediatxt	NA	2017	151	1.6	A partir de que los europeos descubrieron la existencia de América en 1492, el continente fue sometido a una explotación brutal de sus bienes.	A partir de este momento las leyes de la Corona Española establecieron que los indígenas americanos (amerindios) no serían sometidos a la esclavitud, sino que en la colonización española de América se establecería un régimen de servidumbre denominado"encomienda".
wikipediatxt	NA	2017	152	1.2	El índice del paso depende de la presión osmótica, la concentración, el gradiente electroquímico y la temperatura de las moléculas o de los solutos en cualquier lado, así como la permeabilidad de la membrana para cada soluto.	Por el contrario, las moléculas de agua pueden formar puentes de hidrógeno con el polímero de la membrana y atravesarla.
wikipediatxt	NA	2017	153	2	La gama de Cruzcampo es la más vendida de España en cuanto a volumen de ventas.	La venta de cervezas Cruzcampo está extendida por todo el país, sin embargo, la región de Andalucía es uno de los puntos en los que más ventas registra.
wikipediatxt	NA	2017	154	3	El "aceite de hígado de bacalao", también llamado "oleum morrhuae", es como su nombre indica aceite extraído de hígados de bacalao del Atlántico ("Gadus morhua").	El aceite de hígado de bacalao se obtiene cocinando hígados de bacalao al vapor y prensándolos luego para extraer el aceite.
wikipediatxt	NA	2017	155	3	Amelia es conocida por haber ganado el certamen de belleza Miss Universo 2003, convirtiéndose así en la primera dominicana y la más joven en ganar el título desde 1994.	Luego de ganar el título de Miss República Dominicana 2002, Amelia representó a la República Dominicana en Miss Universo 2003, logrando ser la primera dominicana en ganar el título.
wikipediatxt	NA	2017	156	2.2	Las fuerzas en lucha eran la Alianza para la Restauración de la Paz y Contra el Terrorismo (ARPCT) por una parte, y la milicia leal a la Unión de Cortes Islámicas (UCI) por otra.	El conflicto comenzó a mediados de febrero de 2006, cuando los señores de la guerra somalíes formaron la Alianza para la Restauración de la Paz y Contra el Terrorismo debido al desafío que suponía la emergente influencia de la Unión de Cortes Islámicas.
wikipediatxt	NA	2017	157	3.4	Este artículo incluye también enlaces a artículos en inglés sobre el sector de agua y saneamiento en varios países de América Latina.	Un resumen de las responsabilidades de provisión y de regulación de servicios de agua potable y saneamiento en América Latina se encuentra en la versión en inglés de este artículo (ver enlace a la izquierda abajo).
wikipediatxt	NA	2017	158	2.8	Un "Grupo de ejércitos" es una unidad militar integrada por dos o más cuerpos de ejército que actúan conjuntamente y bajo un mando único.	Un Grupo de ejércitos es la unidad más grande que puede formarse dentro de un ejército, ya sea de tierra, mar o aire.
wikipediatxt	NA	2017	159	3.6	Un medicamento genérico es fabricado con los mismos ingredientes activos, y está disponible con la misma potencia y dosificación que su equivalente de marca.	Según la OMS, un "medicamento genérico" es aquel vendido bajo la denominación del principio activo que incorpora, siendo bioequivalente a la marca original, es decir, igual en composición y forma farmacéutica y con la misma biodisponibilidad que la misma.
wikipediatxt	NA	2017	160	2.8	El "tendón de Aquiles" ("tendo Achillis") o "tendón calcáneo" ("tendo calcaneus") es un tendón de la parte posterior de la pierna.	El tendón de Aquiles es la extensión tendinosa de los tres músculos de la pantorrilla: gemelo, sóleo y plantar delgado.
wikipediatxt	NA	2017	161	0	El 8 de junio de ese año Göhr batió de nuevo el récord mundial de los 100 m en Berlín Este haciendo 10,81.	Sin embargo, el nacionalismo europeo se vio truncado por el ascenso de Hitler al poder y la Segunda Guerra Mundial.
wikipediatxt	NA	2017	162	1.2	La "Real Policía Montada del Canadá" ("Royal Canadian Mounted Police" "RCMP" en inglés y "Gendarmerie royale du Canada" "GRC" en francés) es la policía federal y nacional de Canadá.	A causa de todas estas extensiones a sus funciones base, la Policía Montada es la mayor fuerza policial de Canadá.
wikipediatxt	NA	2017	163	2.2	Es especialmente reconocido por su teoría del enriquecimiento laboral y la teoría de la Motivación e Higiene.	Herzberg propuso la Teoría de Motivación e Higiene, también conocida como la "Teoría de los dos factores" (1959).
wikipediatxt	NA	2017	164	1.2	La Dreamcast es la sucesora de la Sega Saturn y fue lanzada al mercado para ganar terreno a la Playstation de Sony y la Nintendo 64 de Nintendo, y competir con los sistemas sucesores a estos.	En 1995, Camelot se separa oficialmente de Sega firmando un acuerdo por el cual la empresa seguiría con el desarrollo de títulos de la saga Shining para las plataformas de Sega, sin lanzar juegos para las demás consolas que pudieran perjudicar a esta franquicia.
wikipediatxt	NA	2017	165	1.4	Es el libro de los aniversarios de los mártires y por extensión de los santos en general, de los misterios y de los sucesos que pueden dar lugar a una conmemoración anual en la Iglesia católica.	Este gran catálogo de mártires y santos de los tiempos antiguos apareció en la primera mitad del s. VI.
wikipediatxt	NA	2017	166	1	Todos los oficiales del ejército británico y muchos de otras partes del mundo son entrenados en Sandhurst.	El curso dura 44 semanas, y deberá ser completado por todos los oficiales regulares del Ejército Británico (con algunas excepciones) antes de que reciban su comisión.
wikipediatxt	NA	2017	167	2.2	Las Erinias, innombrables, por eso se utiliza el eufemismo Euménides (benévolas), son las diosas de la venganza que persiguen a Orestes por la muerte de su madre Clitemnestra.	Las Erinias, diosas de la venganza de sangre, sostienen que, si no se condena a Orestes, en la ciudad cualquiera se sentirá libre de cometer cualquier tipo de acto por venganza propia.
wikipediatxt	NA	2017	168	2.8	La "Orden de San Jerónimo" (Latín: "Ordo Sancti Hieronymi"), (sigla "O.S.H.") es una orden religiosa católica de clausura monástica y de orientación puramente contemplativa que surgió en el siglo XIV.	La Orden de San Jerónimo prescribe una vida religiosa de soledad y de silencio, en asidua oración y fortaleza en la penitencia, y trata de llevar a sus monjes y monjas a la unión mística con Dios, consideran que cuanto más intensa sea esta unión, por su propia donación en la vida monástica, mucho más espléndida se convierte la vida de la Iglesia y con más fuerza su fecundo apostolado.
wikipediatxt	NA	2017	169	1.8	La "Paz o Tratado de Alfredo y Guthrum" fue un acuerdo firmado entre Alfredo el Grande, rey de Wessex, y Guthrum, gobernante vikingo de Estanglia o Anglia Oriental.	El documento comienza con un prólogo, resumiendo que se trata de un tratado entre "el Rey Alfredo y el Rey Guthrum y todos los consejeros ("Witenagemot" o "witan") de las razas inglesas y todas las gentes de Estanglia".
wikipediatxt	NA	2017	170	1.8	"Bodies Without Organs" o "BWO" es un grupo dance de Suecia formado en 2004 por Alexander Bard, Marina Schiptjenko y Martin Rolinski como vocalista.	Está formado por "Alexander Bard" (ex componente de los Army of Lovers), "Marina Schiptjenko" y "Martin Rolinski", éste último elegido por los dos primeros tras un casting en el cual Martin les pareció el candidato perfecto.
wikipediatxt	NA	2017	171	2.6	Este pescado, debido a su elevado precio en el mercado, tiene un sucedáneo de surimi más barato, conocido como "gula" (nombre tomado de una marca comercial).	Es popularmente conocido como "gula", nombre que realmente corresponde a una marca comercial concreta de dicho producto.
wikipediatxt	NA	2017	172	0	La calle "Prager Straße" o "Prager Strasse" de Dresde (Alemania) conecta la estación central de dicha ciudad con la plaza de Altmarkt y es la calle comercial por excelencia en la capital sajona.	"Quintanilla San García" es una localidad y un municipio situado en la provincia de Burgos, comunidad autónoma de Castilla y León (España), comarca de La Bureba, partido judicial de Briviesca, ayuntamiento del mismo nombre.
wikipediatxt	NA	2017	173	2.6	La película se trata sobre la vida de Tommy, un hombre acabado que generalmente pasa sus días bebiendo en un bar.	Tommy (Steve Buscemi) es un alcohólico de 30 años que pasa sus ratos en un bar local, Trees Lounge.
wikipediatxt	NA	2017	174	0.4	Es uno de los fundadores del proyecto NetBSD, aunque actualmente no participa de forma activa en el proyecto.	Chris trabajó de forma activa en el mantenimiento del núcleo del sistema hasta 1995.
wikipediatxt	NA	2017	175	0.4	"Ribeiro" es una de las cinco denominaciones de origen de vinos existentes en Galicia.	Las Ordenanzas de Ribadavia (1579),reconocidas por la Oficina de Propiedad Intelectual, son el origen de las actuales Denominaciones de Origen españolas.
wikipediatxt	NA	2017	176	0.2	"Alexander Mahone" es un personaje de la serie televisiva de FOX, "Prison Break" interpretado por William Fichtner.	De hecho, este corto muestra algunas ideas sobre la personalidad de Droopy, el personaje Tortuga Cecil es bastante similar a Droopy.
wikipediatxt	NA	2017	177	2	La "romanización del griego" es la representación de textos escritos en alfabeto griego utilizando el alfabeto latino.	La transliteración consiste en trasladar el alfabeto griego al alfabeto latino grafema a grafema, de modo que se pueda recuperar la grafía original a partir del texto transliterado.
wikipediatxt	NA	2017	178	2	Especialiada en los productos de piel y cuero, desde su adquisición en febrero de 2001 por parte del Grupo Gucci ha diversificado su producción hacia la moda femenina (desde 2005) y masculina (desde 2006), la joyería, la cosmética y perfumería y los accesorios de decoración.	Desde entonces, su oferta de productos se ha diversificado enormemente, y ahora incluye joyas, gafas, cosmética y fragancias, productos de decoración y muebles.
wikipediatxt	NA	2017	179	1.6	La "toxina botulínica", también llamada "botulina", es una neurotoxina elaborada por una bacteria denominada "Clostridium botulinum".	La toxina botulínica es una proteína, relativamente termolábil que está compuesto por una cadena pesada (cadena H ) y una liviana (cadena L ) unidas por un puente disulfuro.
wikipediatxt	NA	2017	180	2.6	La "Pascua Juvenil" es un movimiento de la Iglesia católica en el cual se reúnen jóvenes en la época de pascua en diferentes países como España, México, República Dominicana, Paraguay, Puerto Rico y Venezuela con el objetivo de meditar, orar y tener actividades que ayuden a la espiritualidad de los mismos jóvenes.	El origen de la Pascua juvenil se remonta al movimiento Taizé, el cual lleva la connotación de: contemplación, compromiso, comunión, ecumenismo, lucha y juventud.
wikipediatxt	NA	2017	181	0	"Kent Brockman" es un personaje recurrente de la serie de dibujos animados "Los Simpson".	Yates y Simpson fueron los primeros en ascender y alcanzar la cumbre del Siula Grande, en los Andes peruanos, siguiendo la ruta prácticamente vertical de la cara oeste.
wikipediatxt	NA	2017	182	2.8	El "canal de fibra" (del inglés "fibre channel") es una tecnología de red utilizada principalmente para redes de almacenamiento, disponible primero a la velocidad de 1 Gbit/s y posteriormente a 2, 4 y 8 Gbit/s.	Las implementaciones del canal de fibra están disponibles a 1, 2 y 4 Gbit/s. Un estándar a 8 Gbit/s está en desarrollo.
wikipediatxt	NA	2017	183	2.2	Ambientada en el año 2015, es la historia de Marte, un robot que tiene diversas preocupaciones y que crece como un niño humano.	Esta es la historia de un androide que se debate entre su "cuerpo para combatir" y su "corazón para amar".
wikipediatxt	NA	2017	184	0.8	A partir de este momento las leyes de la Corona Española establecieron que los indígenas americanos (amerindios) no serían sometidos a la esclavitud, sino que en la colonización española de América se establecería un régimen de servidumbre denominado"encomienda".	Con las medidas prontas de seguridad el gobierno creó una estructura de conducción económica que se superpuso a las leyes existentes.
wikipediatxt	NA	2017	185	2.2	"Shasu" es la palabra egipcia para designar a los nómadas que surgieron en Oriente Medio, del siglo XV a.	Esta palabra tiene su origen en una lista de personas de Transjordania, del siglo XV a.
wikipediatxt	NA	2017	186	0	Se llama "articulación de la rodilla" a la articulación central de los miembros posteriores o inferiores de los vertebrados, en el caso de la especie humana es la articulación central de los miembros inferiores.	La República Popular de Tannu Tuvá es ahora conocida formalmente como Tuvá dentro de la Federación Rusa.
wikipediatxt	NA	2017	187	2	El "Distrito de Limburg-Weilburg" (en alemán "Landkreis Limburg-Weilburg") es un distrito federal que se encuentra en el Regierungsbezirk Gießen, Hesse (Alemania).	El actual distrito de Limburg-Weilburg nació en 1974 fruto de la reorganización administrativa del estado federal de Hesse.
wikipediatxt	NA	2017	188	1.8	Fueron escritos alrededor de 1415 y 1450, durante un periodo en el que los horrores de la peste negra y los consecuentes levantamientos populares estaban muy presentes en la sociedad.	El "Ars moriendi" proveía guía para morir a aquellos que experimentaron los horrores macabros de los siglos XIV y XV, en particular la peste negra; y para aquellos que buscaban maneras de distinguirse haciendo los actos «apropiados» en un creciente estatus culturalmente consciente en una Europa despoblada pero, consecuentemente, más próspera "per capita".
wikipediatxt	NA	2017	189	1.4	El "Brandy de Jerez" es un brandy español producido en el Marco de Jerez.	Igualmente, según el tipo de vino de Jerez que tuviera la bota anteriormente en la que se envejece el brandy, este toma un sabor distinto.
wikipediatxt	NA	2017	190	1.4	Los "efectos para guitarra" (o "manipulación de señal") son alteraciones ya sean digitales, analógicos o acústicos en el tono o sonido de una guitarra, normalmente eléctrica.	El resto de los efectos surgió por diferentes formas de manipulación recurrente en el sonido.
wikipediatxt	NA	2017	191	2	El "Razonamiento basado en casos" es el proceso de solucionar nuevos problemas basándose en las soluciones de problemas anteriores.	Se ha argumentado que el razonamiento basado en casos no sólo es un método poderoso para el razonamiento de computadoras, sino que es usado por las personas para solucionar problemas cotidianos.
wikipediatxt	NA	2017	192	3	"Liberty City" es una ciudad ficticia de la saga de videojuegos de Rockstar Games, "Grand Theft Auto".	Liberty City es el emplazamiento más utilizado en las series de Grand Theft Auto: aparece en seis de los diez juegos y extensiones de GTA, además de dos cameos.
wikipediatxt	NA	2017	193	2	"El linchamiento en Ramala" fue el asesinato de dos soldados israelíes por palestinos en la ciudad de Ramala.	El 12 de octubre de 2000, dos soldados israelíes (Vadim Nurzhitz y Yossi Avrahami) entraron a la ciudad de Ramala desarmados y fueron arrestados por la policía de la Autoridad Palestina.
wikipediatxt	NA	2017	194	2.8	Sus frondes, grandes y varias veces pinadas, y con el pecíolo alzado adaxialmente, y los pelos en el rizoma y la parte inferior de los pecíolos, también recuerdan a los helechos arborescentes.	Las frondes son de tamaño grande, 2-3 pinadas, con pelos en la parte inferior de los pecíolos, y están alzadas en su parte abaxial, caracteres comunes en los cyatheales (clado de los helechos arborescentes).
wikipediatxt	NA	2017	195	1.8	"Gama" es una localidad española del municipio de Aguilar de Campoo en la provincia de Palencia, en la Comunidad Autónoma de Castilla y León.	En la carretera local PP-6201a una distancia de 8 km de Aguilar de Campoo, la capital municipal, en la comarca de Campoo.
wikipediatxt	NA	2017	196	1.2	La "impresión a doble cara" o "impresión dúplex" es una característica de las impresoras que permite imprimir automáticamente una hoja de papel por las dos caras.	La mayoría de las impresoras pueden imprimir automáticamente por un único lado del papel (impresión simple).
wikipediatxt	NA	2017	197	1.6	"Milena Jesenská", escritora, periodista y traductora checa, nace en Praga el 10 de agosto de 1896 y muere el 17 de mayo de 1944 en el campo de concentración de Ravensbrück, Alemania.	En el campo de concentración contrajo una infección renal que acabó con su vida el 17 de mayo de 1944.
wikipediatxt	NA	2017	198	1.2	La "música árabe" es la música de los países árabes, que tienen en común el idioma árabe.	En 1996 Amr Diab lanzó la canción de titulada "Habibi ya nur el ain", que se convirtió en un éxito no sólo en los países árabes sino en todo el mundo.
wikipediatxt	NA	2017	199	1.4	"Miguel Henríquez Guzmán" (Piedras Negras, Coahuila; 4 de agosto de 1898 - Ciudad de México; 29 de agosto de 1972) fue un político y militar mexicano.	A pesar de la intensidad de las protestas no se logró que se revirtieran los resultados, por lo que Henríquez Guzmán optó por retirarse de la vida pública hasta el día de su muerte el 29 de agosto de 1972.
wikipediatxt	NA	2017	200	0.2	El "Tractatus Logico-Philosophicus" es el título de una obra de Ludwig Josef Johann Wittgenstein.	Este método, aunque tiene como principal objetivo la producción de cerveza, es muy similar al empleado en la elaboración de bebidas tales como el sake, la hidromiel y el vino.
wikipediatxt	NA	2017	201	1.8	La "civilización maya" habitó una gran parte de la región denominada Mesoamérica, en los territorios actuales de Guatemala, Belice, Honduras, El Salvador y en el comprendido por cinco estados del sureste de México: Campeche, Chiapas, Quintana Roo, Tabasco y Yucatán, con una historia de aproximadamente 3000 años.	Los grupos maya hablantes aún habitan en el sureste de México, Belice, Honduras, El Salvador y Guatemala (en este último país representan el mayor componente étnico de la población).
wikipediatxt	NA	2017	202	2.4	Estas pinturas fueron pensadas para formar parte de un ciclo épico simbólico llamado "House of Life" (La Casa de la Vida), en la que todas las emociones y aspiraciones de la vida serían representadas en una lengua simbólica universal.	Estos trabajos formaron parte de una versión revisada de la "Casa de la Vida", influenciada por las ideas de Max Müller, fundador de la religión comparativa.
wikipediatxt	NA	2017	203	2.2	"Synopsys Inc." es una compañía estadounidense líder en el desarrollo de software especializado para el diseño de circuitos integrados complejos (en inglés, "EDA: Electronic Design Automation").	Durante los últimos 17 años, Synopsys ha pasado de ser una pequeña compañía con un solo producto a una compañía diversificada y líder en herramientas de diseño para la industria de circuitos integrados y semiconductores.
wikipediatxt	NA	2017	204	2.4	La tradición comenzó en el siglo IV, pero la mayoría datan de la época vikinga, y se continuó hasta el siglo XII.	La tradición de erigir piedras con inscripciones rúnicas aparece por primera vez entre el siglo IV y el siglo V en Noruega y Suecia, estas primeras piedras rúnicas están habitualmente situadas junto a tumbas.
wikipediatxt	NA	2017	205	4	El espécimen es excepcional por las partes conservadas: un cráneo y mandíbula y un molde interno de la caja craneal (endocráneo).	El espécimen comprende la mayor parte de la cara y mandíbula con los dientes y un molde interno de la caja craneal, excepcionalmente conservado.
wikipediatxt	NA	2017	206	2.8	"Mansilla de las Mulas" ("Mansiella de las Mulas" en leonés) es un municipio y localidad de España, en la provincia de León, comunidad autónoma de Castilla y León.	Mansilla de las Mulas, es una localidad leonesa, por la que fluye el río Esla por su margen izquierda.
wikipediatxt	NA	2017	207	3	"José Gregorio Salazar" (nació en San Salvador en 1773 - murió en Ciudad de Guatemala el 1 de febrero de 1838) gobernó la República de El Salvador como Jefe Supremo Provisorio del 13 de julio al 30 de septiembre de 1834 y gobernó la Federación Centroamericana como Vicepresidente de 1834 a 1835.	Don José Gregorio Salazar, nació en San Salvador en 1773 y murió en la Ciudad de Guatemala, asesinado por las huestes de Rafael Carrera y Turcios, el 1° febrero de 1838.
wikipediatxt	NA	2017	208	3.4	"Izamal" (en idioma maya, Itzmal: rocío del cielo) es una ciudad mexicana, cabecera del municipio del mismo nombre (uno de los 106 que conforman la entidad federativa) en el Estado de Yucatán.	El municipio de Izamal es uno de los 106 municipos del Estado de Yucatán, México ubicado en la parte central hacia el norte de la península de Yucatán.
wikipediatxt	NA	2017	209	2.8	El "Bosque de Boulogne" (en francés: "Bois de Boulogne") o de Bolonia, es un parque que se encuentra en el límite oeste del XVI distrito o arrondissement de París, cerca del suburbio de Boulogne-Billancourt.	El "Bosque de Boulogne" fue oficialmente anexionado a la ciudad de París en 1929 y fue incorporado al XVI arrondissement.
wikipediatxt	NA	2017	210	2.2	"GlaxoSmithKline" (GSK) es una empresa británica de productos farmacéuticos, productos de cuidado dental y de cuidado de la salud.	También es una empresa de investigación bioquímica y sus productos abarcan una gran parte en el campo de la farmacia , pero algunos se centran en el SNC, oncología, antibióticos, respiratorios y endocrinología
wikipediatxt	NA	2017	211	2.8	"Ralph Bakshi" (Haifa, Mandato Británico de Palestina; 29 de octubre de 1938) es un cineasta y animador estadounidense.	Ralph Bakshi nació el 29 de octubre de 1938 en Haifa, entonces parte del Mandato Británico de Palestina.
wikipediatxt	NA	2017	212	2	"Juan Martínez de Irujo Goñi", conocido profesionalmente como "Martínez de Irujo", (Ibero - Cendea de Olza, Navarra, España, 4 de noviembre de 1981) es un pelotari profesional de la modalidad de mano.	Martínez de Irujo debutó como pelotari profesional el 6 de junio de 2003 en el frontón Labrit de Pamplona.
wikipediatxt	NA	2017	213	1	"El conejo blanco" (título original en inglés: "The White Rabbit") es el quinto capítulo de la Primera Temporada de Lost.	En un recuerdo, el padre de Jack ve la cara golpeada de su hijo.
wikipediatxt	NA	2017	214	1.4	Monseñor Chávez sirvió en la sede episcopal de San Salvador por 39 años (1938 - 1977).	Él sirvió como sacerdote en la parroquias de Tenancingo, Ilobasco y Cojutepeque y en la histórica iglesia de La Merced en San Salvador.
wikipediatxt	NA	2017	215	2.4	Pavel también ha sido condecorado con el título de "Merecido Trabajador de Industria de la República de Bielorrusia".	Pavel fue concesionado con el título de Héroe de Bielorrusia por el Presidente Alexander Lukashenko el 30 de junio de 2001 por "su trabajo y excepcionales esfuerzos" en el desarrollo de la construcción doméstica de automóviles".
wikipediatxt	NA	2017	216	0	"Los Vieneses" es una compañía de teatro fundada a principios de los años 1940 por el austriaco Artur Kaps, y en la que se integraron el italiano Gustavo Re y los también austriacos Franz Johan y la marionetista Herta Frankel.	El diámetro de núcleo a núcleo de una molécula de C 60 es alrededor de 0.71 nm.
wikipediatxt	NA	2017	217	1	La "alimentación macrobiótica" define una manera de comer basada en el principio de equilibrio del Yin y el Yang y consiste en una adaptación de las tradiciones culinarias de Extremo Oriente, donde alimentación, medicina e incluso espiritualidad a menudo se presentan imbricadas.	 "Estudiad primero Yin y Yang y después estudiad todo el resto".
wikipediatxt	NA	2017	218	1.8	En diciembre de 2004, un tribunal inferior de Aruba determinó que el matrimonio entre Charlene y Esther Oduber-Lamer celebrado en los Países Bajos debía ser reconocido en Aruba.	El día 13 de abril de 2007, el Tribunal Supremo declaró que, de acuerdo con la Carta del Reino de los Países Bajos (a la que están sujetos todos los territorios del Reino), los matrimonios celebrados en cualquier territorio del Reino de los Países Bajos deben ser aceptados en los restantes territorios del Reino también.
wikipediatxt	NA	2017	219	1	Es la diócesis más antigua de Oriente, por ello lleva el título honorario de "Patriarcado de las Indias Orientales" desde 1886.	En 1572 Gregorio XIII concedió al Arzobispo de Goa el título de Primado de Oriente y el 23 de enero de 1886 León XIII el de Patriarca de las Indias Orientales.
wikipediatxt	NA	2017	220	0.6	A través de todas las regiones el énfasis es siempre en servir alimentos frescos.	De todas las regiones la central es la más variada y posee sabores únicos, siendo de otra forma la más especiada, así como la más colorida.
wikipediatxt	NA	2017	221	2.4	Autorización para los textos e imágenes de Baluarte (Palacio de Congresos y Auditorio de Navarra) bajo la licencia GFDL.	Le comunico que tienen ustedes autorización para incluir información de BALUARTE en Wikipendia, y estamos de acuerdo en que el material se publique bajo la licencia GFDL
wikipediatxt	NA	2017	222	2.6	El "Secretariado del Partido Comunista de la Unión Soviética", era el órgano del Comité Central responsable de la administración central del Partido.	En aquél momento, el Secretariado era responsable de cuestiones técnicas como la coordinación de las actividades de las organizaciones regionales del Partido y de los asuntos administrativos rutinarios.
wikipediatxt	NA	2017	223	1.6	El "salto alto" o "salto en alto" es una modalidad de salto ecuestre de potencia en la cual, un binomio (jinete y caballo) debe de franquear un único obstáculo en altura, realizando un salto conjunto.	El obstáculo en el salto alto es único y presenta una forma oblicua ascendente, mientras que en el salto de potencia hay tres o cuatro obstáculos verticales en el concurso, y entre ellos el muro de potencia, que es el obstáculo de mayor altura y es un muro completamente vertical que además no deja visualizar lo que hay al otro lado del mismo.
wikipediatxt	NA	2017	224	1.2	General "Juan Barragán Rodríguez" fue un militar mexicano que participó en la Revolución mexicana.	Su abuelo Juan Bautista Barragán fue un ilustre educador, promotor de las escuelas rurales y diputado constituyente en 1857.
wikipediatxt	NA	2017	225	3	La "carbonatación" es una reacción química en la que el hidróxido de calcio reacciona con el dióxido de carbono y forma carbonato cálcico insoluble.	La carbonatación es un proceso lento que ocurre en el hormigón, donde la cal apagada (hidróxido cálcico) del cemento reacciona con el dióxido de carbono del aire formando carbonato cálcico.
wikipediatxt	NA	2017	226	2.6	Está conformado por cuatro universidades privadas del país: la Pontificia Universidad Católica del Perú (PUCP), la Universidad de Lima (UL), la Universidad del Pacífico (UP) y la Universidad Peruana Cayetano Heredia (UPCH).	Las cuatro universidades son además las universidades privadas con mayor prestigio a nivel de Lima y Perú: la Universidad Peruana Cayetano Heredia, la Universidad del Pacífico, la Pontificia Universidad Católica del Perú (PUCP), la Universidad de Lima (UL).
wikipediatxt	NA	2017	227	1	Ejercida tanto por hombres jóvenes como por mujeres de todas las edades, la clientela era mayoritariamente masculina.	Contrariamente a la prostitución femenina, que moviliza a mujeres de todas las edades, la prostitución masculina está básicamente reservada a los adolescentes.
wikipediatxt	NA	2017	228	1.2	En el juego Dragonlance, la "Guerra de la Lanza" es un conflicto bélico del mundo de Krynn.	Con el derrumbamiento del templo de Takhisis en Neraka, concluyó una de las peores guerras de Krynn: La Guerra de la Lanza.
wikipediatxt	NA	2017	229	2	En teoría de autómatas y lógica secuencial, una "tabla de transición de estados" es una tabla que muestra qué estado se moverá un autómata finito dado, basándose en el estado actual y otras entradas.	Cuando se trata de un autómata finito no determinista, entonces la tabla de transición muestra todos los estados que se moverá el autómata.
wikipediatxt	NA	2017	230	2	"Pierre Chappaz", nacido el 12 de abril de 1959 en Toulon, Francia, es un hombre de negocios y uno de los fundadores de Kelkoo y de Wikio.	En 2006 creo Wikio, un motor de búsqueda de informaciones en los sitios de prensa y en los blogs, además de ser uno de los dirigentes de Netvibes, un servicio de portal web que se puede personalizar.
wikipediatxt	NA	2017	231	2.6	En teoría de autómatas y lógica secuencial, una "tabla de transición de estados" es una tabla que muestra qué estado se moverá un autómata finito dado, basándose en el estado actual y otras entradas.	Una "tabla de estados" es esencialmente una tabla de verdad en la cual algunas de las entradas son el estado actual, y las salidas incluyen el siguiente estado, junto con otras salidas.
wikipediatxt	NA	2017	232	0	Se encuentra formado por veinte anillos de carbono hexagonales y doce anillos pentagonales, con un átomo de carbono en los vértices de cada polígono, y un enlace en cada una de las aristas.	Se sabe que Petrus Petri también trabajó en las obras de la Catedral Vieja de Salamanca, tal y como menciona el Archivo de la Catedral de dicha ciudad, donde también participarón los siguientes maestros: Florín de Pituenga, Casandro Romano, Alvar García, Pedro de la Obra, Juan el Pedrero, Sancho Pedro o Juan Franco.
wikipediatxt	NA	2017	233	2.8	La "Casa de Welf", o "antigua Casa de Baviera" (llamada también en español de los "Welfos" o "Güelfos") es una dinastía europea a la que han pertenecido varios monarcas alemanes y británicos desde el siglo XI hasta el siglo XX.	La Casa de Welf es la rama más antigua de la Casa de Este, una dinastía cuyos miembros más antiguos conocidos vivieron en Lombardía en el siglo IX.
wikipediatxt	NA	2017	234	0.2	Durante este período la mayor parte de la sociedad dependía de la agricultura y existían las villas.	El municipio de "Corralillo" está ubicado en la actual Provincia de Villa Clara (anteriormente Las Villas), Cuba.
wikipediatxt	NA	2017	235	2.6	Es una de las más destacadas cantantes israelíes, con una carrera que se ha dilatado a lo largo de más de cuarenta años.	Es una de las más famosas cantantes israelíes en yiddish, aunque ha cantado también en hebreo, inglés y árabe.
wikipediatxt	NA	2017	236	2.8	En matemáticas, la "resolución de una ecuación" es el procedimiento de cálculo para encontrar cuáles son los valores (números, funciones, conjuntos, etc.) que cumplen la condición indicada como una igualdad (una ecuación).	En todos estos casos se mantiene el principio de que la resolución de la ecuación es la búsqueda de los valores que hacen que la ecuación se satisfaga, solo que dependiendo de los operadores matemáticos involucrados será necesario utilizar diferentes estrategias o métodos para resolver las ecuaciones.
wikipediatxt	NA	2017	237	1.2	La "partitocracia" o "partidocracia" se trata de un neologismo empleado para definir la burocracia de los partidos políticos.	Partiendo de la base de que los partidos son un mal necesario, los ciudadanos se van apartando de ellos y buscan otros cauces para intervenir, lo que lleva a la creación de los llamados "grupos de presión".
wikipediatxt	NA	2017	238	1.4	La "gastronomía de Vietnam" es conocida por su uso generalizado de la salsa de pescado, salsa de soja y la salsa hoisin (su olor proporciona un carácter único a la cocina).	La cocina de la parte central del Vietnam ha sido influenciada por la colonización de diferentes culturas.
wikipediatxt	NA	2017	239	0.4	"La Loretana" es un club de fútbol de Perú, de la ciudad de Pucallpa en el Departamento de Ucayali.	El "Club de Mar de Castropol" es una sociedad dedicada al deporte del remo, fundada en 1949 y con sede en Castropol (Asturias, España), a orillas de la ría del Eo.
wikipediatxt	NA	2017	240	1.2	La denominación de "Jardín Persa" remite a una tradición y a un estilo de la concepción de los jardines que tiene su origen en Persia (actual Irán).	El concepto persa de un jardín ideal (parecido a un paraíso), tiene su mejor representación en el Taj Mahal.
wikipediatxt	NA	2017	241	0.6	Para el cuadro del "Carro de heno" de John Constable, véase La carreta de heno".	En los cuadros de Georges de La Tour, el origen de la luz es concreto: una vela, una bujía, una antorcha u otra forma de luz artificial, mientras que en las obras de Caravaggio, la luz provenía de un foco de origen impreciso.
wikipediatxt	NA	2017	242	0.2	"Baños de Agua Santa" o simplemente "Baños" es una ciudad ecuatoriana, de la Provincia de Tungurahua.	La "cripta de Santa Leocadia" está situada en el interior de la catedral de Oviedo, Asturias.
wikipediatxt	NA	2017	243	2	"Carlos de Borbón-Soissons" ( Nogent-le-Rotrou, 1566 - Blandy, 1612), fue conde de Soissons y príncipe de Francia.	Carlos de Borbón-Soissons murió en 1612 a la edad de 42 años en Blandy, en el departamento de Sena y Marne.
wikipediatxt	NA	2017	244	1.2	Está ubicado a 10 km del centro de la ciudad y el aeropuerto es un centro de conexión para Czech Airlines.	El aeropuerto tiene una excelente ubicación, muy cerca del centro de Praga y del centro de Europa.
wikipediatxt	NA	2017	245	1.6	El "tratado de Lyon" de 1504, firmado por Luis XII de Francia y Fernando el Católico, puso fin a la segunda guerra de Nápoles con el abandono de las pretensiones francesas al reino de Nápoles en favor de la corona de Aragón.	El 1 de enero de 1504 la guarnición francesa de Gaeta presentó su capitulación ante Fernández de Córdoba y abandonó Nápoles.
wikipediatxt	NA	2017	246	3.5	Pocos hombres han llegado en la Historia a convertirse en una leyenda viviente, y Douglas Bader fue uno de ellos, personificando el heroísmo de la RAF durante la guerra.	El "London Times" escribió: «Se convirtió en una leyenda al personificar el heroísmo de la RAF durante la Segunda Guerra Mundial».
wikipediatxt	NA	2017	247	3	"Time 100" es una lista de las 100 personas más influyentes según la revista Time.	La primera lista fue publicada en 1999 con las 100 personas más influyentes del siglo 20.
wikipediatxt	NA	2017	248	2	Él y su acompañante, Pierre Romain, pasaron a ser las dos primeras víctimas de un accidente aéreo.	De Rozier y su acompañante, Pierre Romain, consiguieron finalmente despegar de Boulogne-sur-Mer el 15 de junio de 1785.
wikipediatxt	NA	2017	249	2	"La Ciotat" (en occitano provenzal "La Ciutat") es una villa portuaria de Provenza, en las Bocas del Ródano.	"La Ciotat" es una comuna francesa, situada en el departamento de Bocas del Ródano y en la región Provenza-Alpes-Costa Azul, a 31 kilómetros al este de Marsella.
wikipediatxt	NA	2017	250	2	La "desintegración alfa" o "decaimiento alfa" es una variante de desintegración radiactiva por la cual un núcleo atómico emite una partícula alfa y se convierte en un núcleo con cuatro unidades menos de número másico y dos unidades menos de número atómico.	Empero, en la mayoría de los casos el núcleo resultante pierde rápidamente dos electrones en favor de la partícula alfa y se convierte en un átomo de ( 4 He ), eléctricamente neutro.
